,AudioMothCode,AudioMothID,SourceFile,Directory,FileName,FileSize,Encoding,NumChannels,SampleRate,AvgBytesPerSec,BitsPerSample,StartDateTime,Duration,Error,Comment,Artist,FileCreateDate,FileType,FileTypeExtension,MIMEType,Global_Score
21914,AM-2,248C7D075B2BF148,GRABADOR-SDZG-AM-2/20190616_115000.WAV,GRABADOR-SDZG-AM-2,20190616_115000.WAV,46080360,1.0,1.0,384000.0,768000.0,16.0,11,60.00046875,,Recorded at 11:50:00 16/06/2019 (UTC) by AudioMoth 248C7D075B2BF148 at gain setting 2 while battery state was 4.5V.,AudioMoth 248C7D075B2BF148,2019:12:08 04:47:58-08:00,WAV,WAV,audio/x-wav,0.7284086943
49971,AM-29,247AA5015BA446E5,GRABADOR-SDZG-AM-29/20190623_104000.WAV,GRABADOR-SDZG-AM-29,20190623_104000.WAV,46080360,1.0,1.0,384000.0,768000.0,16.0,10,60.00046875,,Recorded at 10:40:00 23/06/2019 (UTC) by AudioMoth 247AA5015BA446E5 at gain setting 2 while battery state was 4.3V.,AudioMoth 247AA5015BA446E5,2019:12:08 11:51:44-08:00,WAV,WAV,audio/x-wav,0.5619138479
56789,AM-30,248C7D075B2BF656,GRABADOR-SDZG-AM-30/20190623_103000.WAV,GRABADOR-SDZG-AM-30,20190623_103000.WAV,46080360,1.0,1.0,384000.0,768000.0,16.0,10,60.00046875,,Recorded at 10:30:00 23/06/2019 (UTC) by AudioMoth 248C7D075B2BF656 at gain setting 2 while battery state was 4.3V.,AudioMoth 248C7D075B2BF656,2019:12:18 14:53:24-08:00,WAV,WAV,audio/x-wav,0.9912994504
57519,AM-30,248C7D075B2BF656,GRABADOR-SDZG-AM-30/20190628_121000.WAV,GRABADOR-SDZG-AM-30,20190628_121000.WAV,46080360,1.0,1.0,384000.0,768000.0,16.0,12,60.00046875,,Recorded at 12:10:00 28/06/2019 (UTC) by AudioMoth 248C7D075B2BF656 at gain setting 2 while battery state was 4.1V.,AudioMoth 248C7D075B2BF656,2019:12:18 15:16:11-08:00,WAV,WAV,audio/x-wav,0.9308279753
50552,AM-29,247AA5015BA446E5,GRABADOR-SDZG-AM-29/20190627_113000.WAV,GRABADOR-SDZG-AM-29,20190627_113000.WAV,46080360,1.0,1.0,384000.0,768000.0,16.0,11,60.00046875,,Recorded at 11:30:00 27/06/2019 (UTC) by AudioMoth 247AA5015BA446E5 at gain setting 2 while battery state was 4.2V.,AudioMoth 247AA5015BA446E5,2019:12:08 12:41:53-08:00,WAV,WAV,audio/x-wav,0.9899260402
39885,AM-25,24E144035BA455E9,GRABADOR-SDZG-AM-25/20190624_100000.WAV,GRABADOR-SDZG-AM-25,20190624_100000.WAV,46080360,1.0,1.0,384000.0,768000.0,16.0,10,60.00046875,,Recorded at 10:00:00 24/06/2019 (UTC) by AudioMoth 24E144035BA455E9 at gain setting 2 while battery state was 4.1V.,AudioMoth 24E144035BA455E9,2019:12:08 17:35:02-08:00,WAV,WAV,audio/x-wav,0.9694942236
23783,AM-2,248C7D075B2BF148,GRABADOR-SDZG-AM-2/20190629_112000.WAV,GRABADOR-SDZG-AM-2,20190629_112000.WAV,46080360,1.0,1.0,384000.0,768000.0,16.0,11,60.00046875,,Recorded at 11:20:00 29/06/2019 (UTC) by AudioMoth 248C7D075B2BF148 at gain setting 2 while battery state was 4.0V.,AudioMoth 248C7D075B2BF148,2019:12:08 07:29:18-08:00,WAV,WAV,audio/x-wav,0.9017621279
46902,AM-27,243B1F075C79F65E,GRABADOR-SDZG-AM-27/20190626_122000.WAV,GRABADOR-SDZG-AM-27,20190626_122000.WAV,46080360,1.0,1.0,384000.0,768000.0,16.0,12,60.00046875,,Recorded at 12:20:00 26/06/2019 (UTC) by AudioMoth 243B1F075C79F65E at gain setting 2 while battery state was 4.1V.,AudioMoth 243B1F075C79F65E,2019:12:18 12:58:52-08:00,WAV,WAV,audio/x-wav,0.9927282333
58384,AM-30,248C7D075B2BF656,GRABADOR-SDZG-AM-30/20190704_122000.WAV,GRABADOR-SDZG-AM-30,20190704_122000.WAV,46080360,1.0,1.0,384000.0,768000.0,16.0,12,60.00046875,,Recorded at 12:20:00 04/07/2019 (UTC) by AudioMoth 248C7D075B2BF656 at gain setting 2 while battery state was 3.9V.,AudioMoth 248C7D075B2BF656,2019:12:18 15:43:19-08:00,WAV,WAV,audio/x-wav,0.9774128795
40038,AM-25,24E144035BA455E9,GRABADOR-SDZG-AM-25/20190625_113000.WAV,GRABADOR-SDZG-AM-25,20190625_113000.WAV,46080360,1.0,1.0,384000.0,768000.0,16.0,11,60.00046875,,Recorded at 11:30:00 25/06/2019 (UTC) by AudioMoth 24E144035BA455E9 at gain setting 2 while battery state was 4.1V.,AudioMoth 24E144035BA455E9,2019:12:08 17:48:14-08:00,WAV,WAV,audio/x-wav,0.9790099859
1846,AM-1,243B1F055B2BEAB8,GRABADOR-SDZG-AM-1/20190629_103000.WAV,GRABADOR-SDZG-AM-1,20190629_103000.WAV,46080360,1.0,1.0,384000.0,768000.0,16.0,10,60.00046875,,Recorded at 10:30:00 29/06/2019 (UTC) by AudioMoth 243B1F055B2BEAB8 at gain setting 2 while battery state was 4.0V.,AudioMoth 243B1F055B2BEAB8,2019:12:20 04:11:04-08:00,WAV,WAV,audio/x-wav,0.9705431461
57234,AM-30,248C7D075B2BF656,GRABADOR-SDZG-AM-30/20190626_124000.WAV,GRABADOR-SDZG-AM-30,20190626_124000.WAV,46080360,1.0,1.0,384000.0,768000.0,16.0,12,60.00046875,,Recorded at 12:40:00 26/06/2019 (UTC) by AudioMoth 248C7D075B2BF656 at gain setting 2 while battery state was 4.2V.,AudioMoth 248C7D075B2BF656,2019:12:18 15:07:16-08:00,WAV,WAV,audio/x-wav,0.9667067528
45895,AM-27,243B1F075C79F65E,GRABADOR-SDZG-AM-27/20190619_123000.WAV,GRABADOR-SDZG-AM-27,20190619_123000.WAV,46080360,1.0,1.0,384000.0,768000.0,16.0,12,60.00046875,,Recorded at 12:30:00 19/06/2019 (UTC) by AudioMoth 243B1F075C79F65E at gain setting 2 while battery state was 4.4V.,AudioMoth 243B1F075C79F65E,2019:12:18 12:27:24-08:00,WAV,WAV,audio/x-wav,0.98229146
49537,AM-29,247AA5015BA446E5,GRABADOR-SDZG-AM-29/20190620_102000.WAV,GRABADOR-SDZG-AM-29,20190620_102000.WAV,46080360,1.0,1.0,384000.0,768000.0,16.0,10,60.00046875,,Recorded at 10:20:00 20/06/2019 (UTC) by AudioMoth 247AA5015BA446E5 at gain setting 2 while battery state was 4.5V.,AudioMoth 247AA5015BA446E5,2019:12:08 11:14:18-08:00,WAV,WAV,audio/x-wav,0.6395365596
45600,AM-27,243B1F075C79F65E,GRABADOR-SDZG-AM-27/20190617_112000.WAV,GRABADOR-SDZG-AM-27,20190617_112000.WAV,46080360,1.0,1.0,384000.0,768000.0,16.0,11,60.00046875,,Recorded at 11:20:00 17/06/2019 (UTC) by AudioMoth 243B1F075C79F65E at gain setting 2 while battery state was 4.5V.,AudioMoth 243B1F075C79F65E,2019:12:18 12:18:13-08:00,WAV,WAV,audio/x-wav,0.9871587753
40327,AM-25,24E144035BA455E9,GRABADOR-SDZG-AM-25/20190627_114000.WAV,GRABADOR-SDZG-AM-25,20190627_114000.WAV,46080360,1.0,1.0,384000.0,768000.0,16.0,11,60.00046875,,Recorded at 11:40:00 27/06/2019 (UTC) by AudioMoth 24E144035BA455E9 at gain setting 2 while battery state was 4.0V.,AudioMoth 24E144035BA455E9,2019:12:08 18:13:09-08:00,WAV,WAV,audio/x-wav,0.966068089
30061,AM-22,247AA5015BA446DA,GRABADOR-SDZG-AM-22/20190710_104000.WAV,GRABADOR-SDZG-AM-22,20190710_104000.WAV,46080360,1.0,1.0,384000.0,768000.0,16.0,10,60.00046875,,Recorded at 10:40:00 10/07/2019 (UTC) by AudioMoth 247AA5015BA446DA at gain setting 2 while battery state was 3.9V.,AudioMoth 247AA5015BA446DA,2019:12:10 22:52:54-08:00,WAV,WAV,audio/x-wav,0.9711729288
23206,AM-2,248C7D075B2BF148,GRABADOR-SDZG-AM-2/20190625_111000.WAV,GRABADOR-SDZG-AM-2,20190625_111000.WAV,46080360,1.0,1.0,384000.0,768000.0,16.0,11,60.00046875,,Recorded at 11:10:00 25/06/2019 (UTC) by AudioMoth 248C7D075B2BF148 at gain setting 2 while battery state was 4.1V.,AudioMoth 248C7D075B2BF148,2019:12:08 06:39:25-08:00,WAV,WAV,audio/x-wav,0.9781343937
1567,AM-1,243B1F055B2BEAB8,GRABADOR-SDZG-AM-1/20190627_120000.WAV,GRABADOR-SDZG-AM-1,20190627_120000.WAV,46080360,1.0,1.0,384000.0,768000.0,16.0,12,60.00046875,,Recorded at 12:00:00 27/06/2019 (UTC) by AudioMoth 243B1F055B2BEAB8 at gain setting 2 while battery state was 4.0V.,AudioMoth 243B1F055B2BEAB8,2019:12:20 04:02:19-08:00,WAV,WAV,audio/x-wav,0.8817363977
39030,AM-25,24E144035BA455E9,GRABADOR-SDZG-AM-25/20190618_113000.WAV,GRABADOR-SDZG-AM-25,20190618_113000.WAV,46080360,1.0,1.0,384000.0,768000.0,16.0,11,60.00046875,,Recorded at 11:30:00 18/06/2019 (UTC) by AudioMoth 24E144035BA455E9 at gain setting 2 while battery state was 4.4V.,AudioMoth 24E144035BA455E9,2019:12:08 16:21:35-08:00,WAV,WAV,audio/x-wav,0.9903028011
46329,AM-27,243B1F075C79F65E,GRABADOR-SDZG-AM-27/20190622_125000.WAV,GRABADOR-SDZG-AM-27,20190622_125000.WAV,46080360,1.0,1.0,384000.0,768000.0,16.0,12,60.00046875,,Recorded at 12:50:00 22/06/2019 (UTC) by AudioMoth 243B1F075C79F65E at gain setting 2 while battery state was 4.3V.,AudioMoth 243B1F075C79F65E,2019:12:18 12:40:57-08:00,WAV,WAV,audio/x-wav,0.9805639982
29354,AM-22,247AA5015BA446DA,GRABADOR-SDZG-AM-22/20190705_125000.WAV,GRABADOR-SDZG-AM-22,20190705_125000.WAV,46080360,1.0,1.0,384000.0,768000.0,16.0,12,60.00046875,,Recorded at 12:50:00 05/07/2019 (UTC) by AudioMoth 247AA5015BA446DA at gain setting 2 while battery state was 4.0V.,AudioMoth 247AA5015BA446DA,2019:12:10 21:51:40-08:00,WAV,WAV,audio/x-wav,0.8931049109
2141,AM-1,243B1F055B2BEAB8,GRABADOR-SDZG-AM-1/20190701_114000.WAV,GRABADOR-SDZG-AM-1,20190701_114000.WAV,46080360,1.0,1.0,384000.0,768000.0,16.0,11,60.00046875,,Recorded at 11:40:00 01/07/2019 (UTC) by AudioMoth 243B1F055B2BEAB8 at gain setting 2 while battery state was 3.9V.,AudioMoth 243B1F055B2BEAB8,2019:12:20 04:20:20-08:00,WAV,WAV,audio/x-wav,0.9900135398
30495,AM-22,247AA5015BA446DA,GRABADOR-SDZG-AM-22/20190713_110000.WAV,GRABADOR-SDZG-AM-22,20190713_110000.WAV,46080360,1.0,1.0,384000.0,768000.0,16.0,11,60.00046875,,Recorded at 11:00:00 13/07/2019 (UTC) by AudioMoth 247AA5015BA446DA at gain setting 2 while battery state was 3.8V.,AudioMoth 247AA5015BA446DA,2019:12:10 23:30:27-08:00,WAV,WAV,audio/x-wav,0.6604921222
49688,AM-29,247AA5015BA446E5,GRABADOR-SDZG-AM-29/20190621_113000.WAV,GRABADOR-SDZG-AM-29,20190621_113000.WAV,46080360,1.0,1.0,384000.0,768000.0,16.0,11,60.00046875,,Recorded at 11:30:00 21/06/2019 (UTC) by AudioMoth 247AA5015BA446E5 at gain setting 2 while battery state was 4.4V.,AudioMoth 247AA5015BA446E5,2019:12:08 11:27:19-08:00,WAV,WAV,audio/x-wav,0.9873253107
52286,AM-29,247AA5015BA446E5,GRABADOR-SDZG-AM-29/20190709_123000.WAV,GRABADOR-SDZG-AM-29,20190709_123000.WAV,46080360,1.0,1.0,384000.0,768000.0,16.0,12,60.00046875,,Recorded at 12:30:00 09/07/2019 (UTC) by AudioMoth 247AA5015BA446E5 at gain setting 2 while battery state was 3.8V.,AudioMoth 247AA5015BA446E5,2019:12:08 15:11:38-08:00,WAV,WAV,audio/x-wav,0.9896974564
23639,AM-2,248C7D075B2BF148,GRABADOR-SDZG-AM-2/20190628_112000.WAV,GRABADOR-SDZG-AM-2,20190628_112000.WAV,46080360,1.0,1.0,384000.0,768000.0,16.0,11,60.00046875,,Recorded at 11:20:00 28/06/2019 (UTC) by AudioMoth 248C7D075B2BF148 at gain setting 2 while battery state was 4.0V.,AudioMoth 248C7D075B2BF148,2019:12:08 07:16:51-08:00,WAV,WAV,audio/x-wav,0.6435936689
39755,AM-25,24E144035BA455E9,GRABADOR-SDZG-AM-25/20190623_122000.WAV,GRABADOR-SDZG-AM-25,20190623_122000.WAV,46080360,1.0,1.0,384000.0,768000.0,16.0,12,60.00046875,,Recorded at 12:20:00 23/06/2019 (UTC) by AudioMoth 24E144035BA455E9 at gain setting 2 while battery state was 4.2V.,AudioMoth 24E144035BA455E9,2019:12:08 17:23:54-08:00,WAV,WAV,audio/x-wav,0.6498234272
38020,AM-24,243B1F075C79FAFC,GRABADOR-SDZG-AM-24/20190707_105000.WAV,GRABADOR-SDZG-AM-24,20190707_105000.WAV,46080360,1.0,1.0,384000.0,768000.0,16.0,10,60.00046875,,Recorded at 10:50:00 07/07/2019 (UTC) by AudioMoth 243B1F075C79FAFC at gain setting 2 while battery state was 3.7V.,AudioMoth 243B1F075C79FAFC,2019:12:09 07:04:42-08:00,WAV,WAV,audio/x-wav,0.9941887856
44627,AM-26,2466C2065BA446CE,GRABADOR-SDZG-AM-26/20190704_100000.WAV,GRABADOR-SDZG-AM-26,20190704_100000.WAV,46080360,1.0,1.0,384000.0,768000.0,16.0,10,60.00046875,,Recorded at 10:00:00 04/07/2019 (UTC) by AudioMoth 2466C2065BA446CE at gain setting 2 while battery state was 3.7V.,AudioMoth 2466C2065BA446CE,2019:12:19 17:57:37-08:00,WAV,WAV,audio/x-wav,0.6257286668
42327,AM-26,2466C2065BA446CE,GRABADOR-SDZG-AM-26/20190615_111000.WAV,GRABADOR-SDZG-AM-26,20190615_111000.WAV,46080360,1.0,1.0,384000.0,768000.0,16.0,11,60.00046875,,Recorded at 11:10:00 15/06/2019 (UTC) by AudioMoth 2466C2065BA446CE at gain setting 2 while battery state was 4.3V.,AudioMoth 2466C2065BA446CE,2019:12:19 16:45:09-08:00,WAV,WAV,audio/x-wav,0.9442931414
2289,AM-1,243B1F055B2BEAB8,GRABADOR-SDZG-AM-1/20190702_122000.WAV,GRABADOR-SDZG-AM-1,20190702_122000.WAV,46080360,1.0,1.0,384000.0,768000.0,16.0,12,60.00046875,,Recorded at 12:20:00 02/07/2019 (UTC) by AudioMoth 243B1F055B2BEAB8 at gain setting 2 while battery state was 3.8V.,AudioMoth 243B1F055B2BEAB8,2019:12:20 04:25:00-08:00,WAV,WAV,audio/x-wav,0.9733636379
56648,AM-30,248C7D075B2BF656,GRABADOR-SDZG-AM-30/20190622_110000.WAV,GRABADOR-SDZG-AM-30,20190622_110000.WAV,46080360,1.0,1.0,384000.0,768000.0,16.0,11,60.00046875,,Recorded at 11:00:00 22/06/2019 (UTC) by AudioMoth 248C7D075B2BF656 at gain setting 2 while battery state was 4.3V.,AudioMoth 248C7D075B2BF656,2019:12:18 14:49:00-08:00,WAV,WAV,audio/x-wav,0.9934760332
24509,AM-2,248C7D075B2BF148,GRABADOR-SDZG-AM-2/20190704_124000.WAV,GRABADOR-SDZG-AM-2,20190704_124000.WAV,46080360,1.0,1.0,384000.0,768000.0,16.0,12,60.00046875,,Recorded at 12:40:00 04/07/2019 (UTC) by AudioMoth 248C7D075B2BF148 at gain setting 2 while battery state was 3.6V.,AudioMoth 248C7D075B2BF148,2019:12:08 08:29:24-08:00,WAV,WAV,audio/x-wav,0.9901872873
58516,AM-30,248C7D075B2BF656,GRABADOR-SDZG-AM-30/20190705_102000.WAV,GRABADOR-SDZG-AM-30,20190705_102000.WAV,46080360,1.0,1.0,384000.0,768000.0,16.0,10,60.00046875,,Recorded at 10:20:00 05/07/2019 (UTC) by AudioMoth 248C7D075B2BF656 at gain setting 2 while battery state was 3.8V.,AudioMoth 248C7D075B2BF656,2019:12:18 15:47:27-08:00,WAV,WAV,audio/x-wav,0.9905135632
28192,AM-22,247AA5015BA446DA,GRABADOR-SDZG-AM-22/20190627_111000.WAV,GRABADOR-SDZG-AM-22,20190627_111000.WAV,46080360,1.0,1.0,384000.0,768000.0,16.0,11,60.00046875,,Recorded at 11:10:00 27/06/2019 (UTC) by AudioMoth 247AA5015BA446DA at gain setting 2 while battery state was 4.3V.,AudioMoth 247AA5015BA446DA,2019:12:10 20:11:13-08:00,WAV,WAV,audio/x-wav,0.9613111019
36014,AM-24,243B1F075C79FAFC,GRABADOR-SDZG-AM-24/20190623_123000.WAV,GRABADOR-SDZG-AM-24,20190623_123000.WAV,46080360,1.0,1.0,384000.0,768000.0,16.0,12,60.00046875,,Recorded at 12:30:00 23/06/2019 (UTC) by AudioMoth 243B1F075C79FAFC at gain setting 2 while battery state was 4.2V.,AudioMoth 243B1F075C79FAFC,2019:12:09 04:11:41-08:00,WAV,WAV,audio/x-wav,0.9895626307
68944,AM-6,2466C2065B2BF148,GRABADOR-SDZG-AM-6/20190629_125000.WAV,GRABADOR-SDZG-AM-6,20190629_125000.WAV,46080360,1.0,1.0,384000.0,768000.0,16.0,12,60.00046875,,Recorded at 12:50:00 29/06/2019 (UTC) by AudioMoth 2466C2065B2BF148 at gain setting 2 while battery state was 3.9V.,AudioMoth 2466C2065B2BF148,2019:12:10 12:39:41-08:00,WAV,WAV,audio/x-wav,0.6014950871
57090,AM-30,248C7D075B2BF656,GRABADOR-SDZG-AM-30/20190625_124000.WAV,GRABADOR-SDZG-AM-30,20190625_124000.WAV,46080360,1.0,1.0,384000.0,768000.0,16.0,12,60.00046875,,Recorded at 12:40:00 25/06/2019 (UTC) by AudioMoth 248C7D075B2BF656 at gain setting 2 while battery state was 4.2V.,AudioMoth 248C7D075B2BF656,2019:12:18 15:02:47-08:00,WAV,WAV,audio/x-wav,0.9939951897
58808,AM-30,248C7D075B2BF656,GRABADOR-SDZG-AM-30/20190707_110000.WAV,GRABADOR-SDZG-AM-30,20190707_110000.WAV,46080360,1.0,1.0,384000.0,768000.0,16.0,11,60.00046875,,Recorded at 11:00:00 07/07/2019 (UTC) by AudioMoth 248C7D075B2BF656 at gain setting 2 while battery state was 3.6V.,AudioMoth 248C7D075B2BF656,2019:12:18 15:56:38-08:00,WAV,WAV,audio/x-wav,0.9937694669
35727,AM-24,243B1F075C79FAFC,GRABADOR-SDZG-AM-24/20190621_124000.WAV,GRABADOR-SDZG-AM-24,20190621_124000.WAV,46080360,1.0,1.0,384000.0,768000.0,16.0,12,60.00046875,,Recorded at 12:40:00 21/06/2019 (UTC) by AudioMoth 243B1F075C79FAFC at gain setting 2 while battery state was 4.3V.,AudioMoth 243B1F075C79FAFC,2019:12:09 03:46:58-08:00,WAV,WAV,audio/x-wav,0.7660650015
46469,AM-27,243B1F075C79F65E,GRABADOR-SDZG-AM-27/20190623_121000.WAV,GRABADOR-SDZG-AM-27,20190623_121000.WAV,46080360,1.0,1.0,384000.0,768000.0,16.0,12,60.00046875,,Recorded at 12:10:00 23/06/2019 (UTC) by AudioMoth 243B1F075C79F65E at gain setting 2 while battery state was 4.2V.,AudioMoth 243B1F075C79F65E,2019:12:18 12:45:20-08:00,WAV,WAV,audio/x-wav,0.9778523445
1857,AM-1,243B1F055B2BEAB8,GRABADOR-SDZG-AM-1/20190629_122000.WAV,GRABADOR-SDZG-AM-1,20190629_122000.WAV,46080360,1.0,1.0,384000.0,768000.0,16.0,12,60.00046875,,Recorded at 12:20:00 29/06/2019 (UTC) by AudioMoth 243B1F055B2BEAB8 at gain setting 2 while battery state was 4.0V.,AudioMoth 243B1F055B2BEAB8,2019:12:20 04:11:24-08:00,WAV,WAV,audio/x-wav,0.8468244076
38525,AM-24,243B1F075C79FAFC,GRABADOR-SDZG-AM-24/20190711_120000.WAV,GRABADOR-SDZG-AM-24,20190711_120000.WAV,46080360,1.0,1.0,384000.0,768000.0,16.0,12,60.00046875,,Recorded at 12:00:00 11/07/2019 (UTC) by AudioMoth 243B1F075C79FAFC at gain setting 2 while battery state was 3.6V.,AudioMoth 243B1F075C79FAFC,2019:12:09 07:48:17-08:00,WAV,WAV,audio/x-wav,0.9650925994
48047,AM-27,243B1F075C79F65E,GRABADOR-SDZG-AM-27/20190704_111000.WAV,GRABADOR-SDZG-AM-27,20190704_111000.WAV,46080360,1.0,1.0,384000.0,768000.0,16.0,11,60.00046875,,Recorded at 11:10:00 04/07/2019 (UTC) by AudioMoth 243B1F075C79F65E at gain setting 2 while battery state was 3.9V.,AudioMoth 243B1F075C79F65E,2019:12:18 13:34:45-08:00,WAV,WAV,audio/x-wav,0.975874424
57666,AM-30,248C7D075B2BF656,GRABADOR-SDZG-AM-30/20190629_124000.WAV,GRABADOR-SDZG-AM-30,20190629_124000.WAV,46080360,1.0,1.0,384000.0,768000.0,16.0,12,60.00046875,,Recorded at 12:40:00 29/06/2019 (UTC) by AudioMoth 248C7D075B2BF656 at gain setting 2 while battery state was 4.1V.,AudioMoth 248C7D075B2BF656,2019:12:18 15:20:48-08:00,WAV,WAV,audio/x-wav,0.9800245762
22768,AM-2,248C7D075B2BF148,GRABADOR-SDZG-AM-2/20190622_101000.WAV,GRABADOR-SDZG-AM-2,20190622_101000.WAV,46080360,1.0,1.0,384000.0,768000.0,16.0,10,60.00046875,,Recorded at 10:10:00 22/06/2019 (UTC) by AudioMoth 248C7D075B2BF148 at gain setting 2 while battery state was 4.2V.,AudioMoth 248C7D075B2BF148,2019:12:08 06:01:35-08:00,WAV,WAV,audio/x-wav,0.6029837728
41196,AM-25,24E144035BA455E9,GRABADOR-SDZG-AM-25/20190703_123000.WAV,GRABADOR-SDZG-AM-25,20190703_123000.WAV,46080360,1.0,1.0,384000.0,768000.0,16.0,12,60.00046875,,Recorded at 12:30:00 03/07/2019 (UTC) by AudioMoth 24E144035BA455E9 at gain setting 2 while battery state was 3.7V.,AudioMoth 24E144035BA455E9,2019:12:08 19:28:01-08:00,WAV,WAV,audio/x-wav,0.9847622514
51416,AM-29,247AA5015BA446E5,GRABADOR-SDZG-AM-29/20190703_113000.WAV,GRABADOR-SDZG-AM-29,20190703_113000.WAV,46080360,1.0,1.0,384000.0,768000.0,16.0,11,60.00046875,,Recorded at 11:30:00 03/07/2019 (UTC) by AudioMoth 247AA5015BA446E5 at gain setting 2 while battery state was 4.0V.,AudioMoth 247AA5015BA446E5,2019:12:08 13:56:26-08:00,WAV,WAV,audio/x-wav,0.9918085337
23212,AM-2,248C7D075B2BF148,GRABADOR-SDZG-AM-2/20190625_121000.WAV,GRABADOR-SDZG-AM-2,20190625_121000.WAV,46080360,1.0,1.0,384000.0,768000.0,16.0,12,60.00046875,,Recorded at 12:10:00 25/06/2019 (UTC) by AudioMoth 248C7D075B2BF148 at gain setting 2 while battery state was 4.1V.,AudioMoth 248C7D075B2BF148,2019:12:08 06:39:56-08:00,WAV,WAV,audio/x-wav,0.6528032422
28335,AM-22,247AA5015BA446DA,GRABADOR-SDZG-AM-22/20190628_110000.WAV,GRABADOR-SDZG-AM-22,20190628_110000.WAV,46080360,1.0,1.0,384000.0,768000.0,16.0,11,60.00046875,,Recorded at 11:00:00 28/06/2019 (UTC) by AudioMoth 247AA5015BA446DA at gain setting 2 while battery state was 4.2V.,AudioMoth 247AA5015BA446DA,2019:12:10 20:23:34-08:00,WAV,WAV,audio/x-wav,0.9507641792
40608,AM-25,24E144035BA455E9,GRABADOR-SDZG-AM-25/20190629_103000.WAV,GRABADOR-SDZG-AM-25,20190629_103000.WAV,46080360,1.0,1.0,384000.0,768000.0,16.0,10,60.00046875,,Recorded at 10:30:00 29/06/2019 (UTC) by AudioMoth 24E144035BA455E9 at gain setting 2 while battery state was 4.0V.,AudioMoth 24E144035BA455E9,2019:12:08 18:37:13-08:00,WAV,WAV,audio/x-wav,0.9914889336
38885,AM-25,24E144035BA455E9,GRABADOR-SDZG-AM-25/20190617_112000.WAV,GRABADOR-SDZG-AM-25,20190617_112000.WAV,46080360,1.0,1.0,384000.0,768000.0,16.0,11,60.00046875,,Recorded at 11:20:00 17/06/2019 (UTC) by AudioMoth 24E144035BA455E9 at gain setting 2 while battery state was 4.5V.,AudioMoth 24E144035BA455E9,2019:12:08 16:09:07-08:00,WAV,WAV,audio/x-wav,0.9901175499
43628,AM-26,2466C2065BA446CE,GRABADOR-SDZG-AM-26/20190627_113000.WAV,GRABADOR-SDZG-AM-26,20190627_113000.WAV,46080360,1.0,1.0,384000.0,768000.0,16.0,11,60.00046875,,Recorded at 11:30:00 27/06/2019 (UTC) by AudioMoth 2466C2065BA446CE at gain setting 2 while battery state was 4.0V.,AudioMoth 2466C2065BA446CE,2019:12:19 17:26:01-08:00,WAV,WAV,audio/x-wav,0.9355787039
38442,AM-24,243B1F075C79FAFC,GRABADOR-SDZG-AM-24/20190710_102000.WAV,GRABADOR-SDZG-AM-24,20190710_102000.WAV,46080360,1.0,1.0,384000.0,768000.0,16.0,10,60.00046875,,Recorded at 10:20:00 10/07/2019 (UTC) by AudioMoth 243B1F075C79FAFC at gain setting 2 while battery state was 3.6V.,AudioMoth 243B1F075C79FAFC,2019:12:09 07:41:07-08:00,WAV,WAV,audio/x-wav,0.9888737202
43774,AM-26,2466C2065BA446CE,GRABADOR-SDZG-AM-26/20190628_115000.WAV,GRABADOR-SDZG-AM-26,20190628_115000.WAV,46080360,1.0,1.0,384000.0,768000.0,16.0,11,60.00046875,,Recorded at 11:50:00 28/06/2019 (UTC) by AudioMoth 2466C2065BA446CE at gain setting 2 while battery state was 4.0V.,AudioMoth 2466C2065BA446CE,2019:12:19 17:30:37-08:00,WAV,WAV,audio/x-wav,0.9917759895
67936,AM-6,2466C2065B2BF148,GRABADOR-SDZG-AM-6/20190622_125000.WAV,GRABADOR-SDZG-AM-6,20190622_125000.WAV,46080360,1.0,1.0,384000.0,768000.0,16.0,12,60.00046875,,Recorded at 12:50:00 22/06/2019 (UTC) by AudioMoth 2466C2065B2BF148 at gain setting 2 while battery state was 4.1V.,AudioMoth 2466C2065B2BF148,2019:12:10 11:12:34-08:00,WAV,WAV,audio/x-wav,0.7426075935
39182,AM-25,24E144035BA455E9,GRABADOR-SDZG-AM-25/20190619_125000.WAV,GRABADOR-SDZG-AM-25,20190619_125000.WAV,46080360,1.0,1.0,384000.0,768000.0,16.0,12,60.00046875,,Recorded at 12:50:00 19/06/2019 (UTC) by AudioMoth 24E144035BA455E9 at gain setting 2 while battery state was 4.4V.,AudioMoth 24E144035BA455E9,2019:12:08 16:34:41-08:00,WAV,WAV,audio/x-wav,0.8591201305
40043,AM-25,24E144035BA455E9,GRABADOR-SDZG-AM-25/20190625_122000.WAV,GRABADOR-SDZG-AM-25,20190625_122000.WAV,46080360,1.0,1.0,384000.0,768000.0,16.0,12,60.00046875,,Recorded at 12:20:00 25/06/2019 (UTC) by AudioMoth 24E144035BA455E9 at gain setting 2 while battery state was 4.1V.,AudioMoth 24E144035BA455E9,2019:12:08 17:48:39-08:00,WAV,WAV,audio/x-wav,0.95410043
36006,AM-24,243B1F075C79FAFC,GRABADOR-SDZG-AM-24/20190623_111000.WAV,GRABADOR-SDZG-AM-24,20190623_111000.WAV,46080360,1.0,1.0,384000.0,768000.0,16.0,11,60.00046875,,Recorded at 11:10:00 23/06/2019 (UTC) by AudioMoth 243B1F075C79FAFC at gain setting 2 while battery state was 4.2V.,AudioMoth 243B1F075C79FAFC,2019:12:09 04:11:00-08:00,WAV,WAV,audio/x-wav,0.9919089675
68788,AM-6,2466C2065B2BF148,GRABADOR-SDZG-AM-6/20190628_105000.WAV,GRABADOR-SDZG-AM-6,20190628_105000.WAV,46080360,1.0,1.0,384000.0,768000.0,16.0,10,60.00046875,,Recorded at 10:50:00 28/06/2019 (UTC) by AudioMoth 2466C2065B2BF148 at gain setting 2 while battery state was 4.0V.,AudioMoth 2466C2065B2BF148,2019:12:10 12:26:11-08:00,WAV,WAV,audio/x-wav,0.9578197002
47327,AM-27,243B1F075C79F65E,GRABADOR-SDZG-AM-27/20190629_111000.WAV,GRABADOR-SDZG-AM-27,20190629_111000.WAV,46080360,1.0,1.0,384000.0,768000.0,16.0,11,60.00046875,,Recorded at 11:10:00 29/06/2019 (UTC) by AudioMoth 243B1F075C79F65E at gain setting 2 while battery state was 4.1V.,AudioMoth 243B1F075C79F65E,2019:12:18 13:12:09-08:00,WAV,WAV,audio/x-wav,0.9363418818
47044,AM-27,243B1F075C79F65E,GRABADOR-SDZG-AM-27/20190627_120000.WAV,GRABADOR-SDZG-AM-27,20190627_120000.WAV,46080360,1.0,1.0,384000.0,768000.0,16.0,12,60.00046875,,Recorded at 12:00:00 27/06/2019 (UTC) by AudioMoth 243B1F075C79F65E at gain setting 2 while battery state was 4.1V.,AudioMoth 243B1F075C79F65E,2019:12:18 13:03:19-08:00,WAV,WAV,audio/x-wav,0.9831846952
51843,AM-29,247AA5015BA446E5,GRABADOR-SDZG-AM-29/20190706_104000.WAV,GRABADOR-SDZG-AM-29,20190706_104000.WAV,46080360,1.0,1.0,384000.0,768000.0,16.0,10,60.00046875,,Recorded at 10:40:00 06/07/2019 (UTC) by AudioMoth 247AA5015BA446E5 at gain setting 2 while battery state was 3.9V.,AudioMoth 247AA5015BA446E5,2019:12:08 14:33:20-08:00,WAV,WAV,audio/x-wav,0.9750932455
38889,AM-25,24E144035BA455E9,GRABADOR-SDZG-AM-25/20190617_120000.WAV,GRABADOR-SDZG-AM-25,20190617_120000.WAV,46080360,1.0,1.0,384000.0,768000.0,16.0,12,60.00046875,,Recorded at 12:00:00 17/06/2019 (UTC) by AudioMoth 24E144035BA455E9 at gain setting 2 while battery state was 4.5V.,AudioMoth 24E144035BA455E9,2019:12:08 16:09:28-08:00,WAV,WAV,audio/x-wav,0.9798599482
58387,AM-30,248C7D075B2BF656,GRABADOR-SDZG-AM-30/20190704_125000.WAV,GRABADOR-SDZG-AM-30,20190704_125000.WAV,46080360,1.0,1.0,384000.0,768000.0,16.0,12,60.00046875,,Recorded at 12:50:00 04/07/2019 (UTC) by AudioMoth 248C7D075B2BF656 at gain setting 2 while battery state was 3.9V.,AudioMoth 248C7D075B2BF656,2019:12:18 15:43:24-08:00,WAV,WAV,audio/x-wav,0.9885867834
45740,AM-27,243B1F075C79F65E,GRABADOR-SDZG-AM-27/20190618_104000.WAV,GRABADOR-SDZG-AM-27,20190618_104000.WAV,46080360,1.0,1.0,384000.0,768000.0,16.0,10,60.00046875,,Recorded at 10:40:00 18/06/2019 (UTC) by AudioMoth 243B1F075C79F65E at gain setting 2 while battery state was 4.4V.,AudioMoth 243B1F075C79F65E,2019:12:18 12:22:34-08:00,WAV,WAV,audio/x-wav,0.9736228585
43779,AM-26,2466C2065BA446CE,GRABADOR-SDZG-AM-26/20190628_124000.WAV,GRABADOR-SDZG-AM-26,20190628_124000.WAV,46080360,1.0,1.0,384000.0,768000.0,16.0,12,60.00046875,,Recorded at 12:40:00 28/06/2019 (UTC) by AudioMoth 2466C2065BA446CE at gain setting 2 while battery state was 4.0V.,AudioMoth 2466C2065BA446CE,2019:12:19 17:30:47-08:00,WAV,WAV,audio/x-wav,0.6883500814
40761,AM-25,24E144035BA455E9,GRABADOR-SDZG-AM-25/20190630_120000.WAV,GRABADOR-SDZG-AM-25,20190630_120000.WAV,46080360,1.0,1.0,384000.0,768000.0,16.0,12,60.00046875,,Recorded at 12:00:00 30/06/2019 (UTC) by AudioMoth 24E144035BA455E9 at gain setting 2 while battery state was 3.9V.,AudioMoth 24E144035BA455E9,2019:12:08 18:50:27-08:00,WAV,WAV,audio/x-wav,0.6496247053
36005,AM-24,243B1F075C79FAFC,GRABADOR-SDZG-AM-24/20190623_110000.WAV,GRABADOR-SDZG-AM-24,20190623_110000.WAV,46080360,1.0,1.0,384000.0,768000.0,16.0,11,60.00046875,,Recorded at 11:00:00 23/06/2019 (UTC) by AudioMoth 243B1F075C79FAFC at gain setting 2 while battery state was 4.2V.,AudioMoth 243B1F075C79FAFC,2019:12:09 04:10:55-08:00,WAV,WAV,audio/x-wav,0.9930431843
49679,AM-29,247AA5015BA446E5,GRABADOR-SDZG-AM-29/20190621_100000.WAV,GRABADOR-SDZG-AM-29,20190621_100000.WAV,46080360,1.0,1.0,384000.0,768000.0,16.0,10,60.00046875,,Recorded at 10:00:00 21/06/2019 (UTC) by AudioMoth 247AA5015BA446E5 at gain setting 2 while battery state was 4.4V.,AudioMoth 247AA5015BA446E5,2019:12:08 11:26:32-08:00,WAV,WAV,audio/x-wav,0.9100645781
40755,AM-25,24E144035BA455E9,GRABADOR-SDZG-AM-25/20190630_110000.WAV,GRABADOR-SDZG-AM-25,20190630_110000.WAV,46080360,1.0,1.0,384000.0,768000.0,16.0,11,60.00046875,,Recorded at 11:00:00 30/06/2019 (UTC) by AudioMoth 24E144035BA455E9 at gain setting 2 while battery state was 3.9V.,AudioMoth 24E144035BA455E9,2019:12:08 18:49:56-08:00,WAV,WAV,audio/x-wav,0.9927613735
38166,AM-24,243B1F075C79FAFC,GRABADOR-SDZG-AM-24/20190708_111000.WAV,GRABADOR-SDZG-AM-24,20190708_111000.WAV,46080360,1.0,1.0,384000.0,768000.0,16.0,11,60.00046875,,Recorded at 11:10:00 08/07/2019 (UTC) by AudioMoth 243B1F075C79FAFC at gain setting 2 while battery state was 3.6V.,AudioMoth 243B1F075C79FAFC,2019:12:09 07:17:18-08:00,WAV,WAV,audio/x-wav,0.9933334589
28906,AM-22,247AA5015BA446DA,GRABADOR-SDZG-AM-22/20190702_101000.WAV,GRABADOR-SDZG-AM-22,20190702_101000.WAV,46080360,1.0,1.0,384000.0,768000.0,16.0,10,60.00046875,,Recorded at 10:10:00 02/07/2019 (UTC) by AudioMoth 247AA5015BA446DA at gain setting 2 while battery state was 4.1V.,AudioMoth 247AA5015BA446DA,2019:12:10 21:12:56-08:00,WAV,WAV,audio/x-wav,0.6403609514
37735,AM-24,243B1F075C79FAFC,GRABADOR-SDZG-AM-24/20190705_112000.WAV,GRABADOR-SDZG-AM-24,20190705_112000.WAV,46080360,1.0,1.0,384000.0,768000.0,16.0,11,60.00046875,,Recorded at 11:20:00 05/07/2019 (UTC) by AudioMoth 243B1F075C79FAFC at gain setting 2 while battery state was 3.8V.,AudioMoth 243B1F075C79FAFC,2019:12:09 06:40:06-08:00,WAV,WAV,audio/x-wav,0.9929714203
42770,AM-26,2466C2065BA446CE,GRABADOR-SDZG-AM-26/20190621_123000.WAV,GRABADOR-SDZG-AM-26,20190621_123000.WAV,46080360,1.0,1.0,384000.0,768000.0,16.0,12,60.00046875,,Recorded at 12:30:00 21/06/2019 (UTC) by AudioMoth 2466C2065BA446CE at gain setting 2 while battery state was 4.2V.,AudioMoth 2466C2065BA446CE,2019:12:19 16:59:01-08:00,WAV,WAV,audio/x-wav,0.8272848129
1563,AM-1,243B1F055B2BEAB8,GRABADOR-SDZG-AM-1/20190627_112000.WAV,GRABADOR-SDZG-AM-1,20190627_112000.WAV,46080360,1.0,1.0,384000.0,768000.0,16.0,11,60.00046875,,Recorded at 11:20:00 27/06/2019 (UTC) by AudioMoth 243B1F055B2BEAB8 at gain setting 2 while battery state was 4.0V.,AudioMoth 243B1F055B2BEAB8,2019:12:20 04:02:11-08:00,WAV,WAV,audio/x-wav,0.9155281782
40323,AM-25,24E144035BA455E9,GRABADOR-SDZG-AM-25/20190627_110000.WAV,GRABADOR-SDZG-AM-25,20190627_110000.WAV,46080360,1.0,1.0,384000.0,768000.0,16.0,11,60.00046875,,Recorded at 11:00:00 27/06/2019 (UTC) by AudioMoth 24E144035BA455E9 at gain setting 2 while battery state was 4.1V.,AudioMoth 24E144035BA455E9,2019:12:08 18:12:48-08:00,WAV,WAV,audio/x-wav,0.9874180555
1998,AM-1,243B1F055B2BEAB8,GRABADOR-SDZG-AM-1/20190630_115000.WAV,GRABADOR-SDZG-AM-1,20190630_115000.WAV,46080360,1.0,1.0,384000.0,768000.0,16.0,11,60.00046875,,Recorded at 11:50:00 30/06/2019 (UTC) by AudioMoth 243B1F055B2BEAB8 at gain setting 2 while battery state was 3.9V.,AudioMoth 243B1F055B2BEAB8,2019:12:20 04:15:50-08:00,WAV,WAV,audio/x-wav,0.9931541681
35722,AM-24,243B1F075C79FAFC,GRABADOR-SDZG-AM-24/20190621_115000.WAV,GRABADOR-SDZG-AM-24,20190621_115000.WAV,46080360,1.0,1.0,384000.0,768000.0,16.0,11,60.00046875,,Recorded at 11:50:00 21/06/2019 (UTC) by AudioMoth 243B1F075C79FAFC at gain setting 2 while battery state was 4.3V.,AudioMoth 243B1F075C79FAFC,2019:12:09 03:46:32-08:00,WAV,WAV,audio/x-wav,0.9116220474
46175,AM-27,243B1F075C79F65E,GRABADOR-SDZG-AM-27/20190621_111000.WAV,GRABADOR-SDZG-AM-27,20190621_111000.WAV,46080360,1.0,1.0,384000.0,768000.0,16.0,11,60.00046875,,Recorded at 11:10:00 21/06/2019 (UTC) by AudioMoth 243B1F075C79F65E at gain setting 2 while battery state was 4.3V.,AudioMoth 243B1F075C79F65E,2019:12:18 12:36:10-08:00,WAV,WAV,audio/x-wav,0.9860354662
40473,AM-25,24E144035BA455E9,GRABADOR-SDZG-AM-25/20190628_120000.WAV,GRABADOR-SDZG-AM-25,20190628_120000.WAV,46080360,1.0,1.0,384000.0,768000.0,16.0,12,60.00046875,,Recorded at 12:00:00 28/06/2019 (UTC) by AudioMoth 24E144035BA455E9 at gain setting 2 while battery state was 4.0V.,AudioMoth 24E144035BA455E9,2019:12:08 18:25:39-08:00,WAV,WAV,audio/x-wav,0.9741691351
58818,AM-30,248C7D075B2BF656,GRABADOR-SDZG-AM-30/20190707_124000.WAV,GRABADOR-SDZG-AM-30,20190707_124000.WAV,46080360,1.0,1.0,384000.0,768000.0,16.0,12,60.00046875,,Recorded at 12:40:00 07/07/2019 (UTC) by AudioMoth 248C7D075B2BF656 at gain setting 2 while battery state was 3.6V.,AudioMoth 248C7D075B2BF656,2019:12:18 15:56:57-08:00,WAV,WAV,audio/x-wav,0.9875596166
47049,AM-27,243B1F075C79F65E,GRABADOR-SDZG-AM-27/20190627_125000.WAV,GRABADOR-SDZG-AM-27,20190627_125000.WAV,46080360,1.0,1.0,384000.0,768000.0,16.0,12,60.00046875,,Recorded at 12:50:00 27/06/2019 (UTC) by AudioMoth 243B1F075C79F65E at gain setting 2 while battery state was 4.1V.,AudioMoth 243B1F075C79F65E,2019:12:18 13:03:28-08:00,WAV,WAV,audio/x-wav,0.8416996598
36733,AM-24,243B1F075C79FAFC,GRABADOR-SDZG-AM-24/20190628_122000.WAV,GRABADOR-SDZG-AM-24,20190628_122000.WAV,46080360,1.0,1.0,384000.0,768000.0,16.0,12,60.00046875,,Recorded at 12:20:00 28/06/2019 (UTC) by AudioMoth 243B1F075C79FAFC at gain setting 2 while battery state was 4.0V.,AudioMoth 243B1F075C79FAFC,2019:12:09 05:13:40-08:00,WAV,WAV,audio/x-wav,0.9939712286
41339,AM-25,24E144035BA455E9,GRABADOR-SDZG-AM-25/20190704_122000.WAV,GRABADOR-SDZG-AM-25,20190704_122000.WAV,46080360,1.0,1.0,384000.0,768000.0,16.0,12,60.00046875,,Recorded at 12:20:00 04/07/2019 (UTC) by AudioMoth 24E144035BA455E9 at gain setting 2 while battery state was 3.6V.,AudioMoth 24E144035BA455E9,2019:12:08 19:40:22-08:00,WAV,WAV,audio/x-wav,0.9869511127
67647,AM-6,2466C2065B2BF148,GRABADOR-SDZG-AM-6/20190620_124000.WAV,GRABADOR-SDZG-AM-6,20190620_124000.WAV,46080360,1.0,1.0,384000.0,768000.0,16.0,12,60.00046875,,Recorded at 12:40:00 20/06/2019 (UTC) by AudioMoth 2466C2065B2BF148 at gain setting 2 while battery state was 4.2V.,AudioMoth 2466C2065B2BF148,2019:12:10 10:47:37-08:00,WAV,WAV,audio/x-wav,0.8678168058
36584,AM-24,243B1F075C79FAFC,GRABADOR-SDZG-AM-24/20190627_113000.WAV,GRABADOR-SDZG-AM-24,20190627_113000.WAV,46080360,1.0,1.0,384000.0,768000.0,16.0,11,60.00046875,,Recorded at 11:30:00 27/06/2019 (UTC) by AudioMoth 243B1F075C79FAFC at gain setting 2 while battery state was 4.1V.,AudioMoth 243B1F075C79FAFC,2019:12:09 05:00:49-08:00,WAV,WAV,audio/x-wav,0.9881765842
262,AM-1,243B1F055B2BEAB8,GRABADOR-SDZG-AM-1/20190618_103000.WAV,GRABADOR-SDZG-AM-1,20190618_103000.WAV,46080360,1.0,1.0,384000.0,768000.0,16.0,10,60.00046875,,Recorded at 10:30:00 18/06/2019 (UTC) by AudioMoth 243B1F055B2BEAB8 at gain setting 2 while battery state was 4.4V.,AudioMoth 243B1F055B2BEAB8,2019:12:20 03:21:17-08:00,WAV,WAV,audio/x-wav,0.5135833025
40036,AM-25,24E144035BA455E9,GRABADOR-SDZG-AM-25/20190625_111000.WAV,GRABADOR-SDZG-AM-25,20190625_111000.WAV,46080360,1.0,1.0,384000.0,768000.0,16.0,11,60.00046875,,Recorded at 11:10:00 25/06/2019 (UTC) by AudioMoth 24E144035BA455E9 at gain setting 2 while battery state was 4.1V.,AudioMoth 24E144035BA455E9,2019:12:08 17:48:03-08:00,WAV,WAV,audio/x-wav,0.9389443398
44634,AM-26,2466C2065BA446CE,GRABADOR-SDZG-AM-26/20190704_111000.WAV,GRABADOR-SDZG-AM-26,20190704_111000.WAV,46080360,1.0,1.0,384000.0,768000.0,16.0,11,60.00046875,,Recorded at 11:10:00 04/07/2019 (UTC) by AudioMoth 2466C2065BA446CE at gain setting 2 while battery state was 3.7V.,AudioMoth 2466C2065BA446CE,2019:12:19 17:57:50-08:00,WAV,WAV,audio/x-wav,0.9930689931
46181,AM-27,243B1F075C79F65E,GRABADOR-SDZG-AM-27/20190621_121000.WAV,GRABADOR-SDZG-AM-27,20190621_121000.WAV,46080360,1.0,1.0,384000.0,768000.0,16.0,12,60.00046875,,Recorded at 12:10:00 21/06/2019 (UTC) by AudioMoth 243B1F075C79F65E at gain setting 2 while battery state was 4.3V.,AudioMoth 243B1F075C79F65E,2019:12:18 12:36:21-08:00,WAV,WAV,audio/x-wav,0.9809415936
57509,AM-30,248C7D075B2BF656,GRABADOR-SDZG-AM-30/20190628_103000.WAV,GRABADOR-SDZG-AM-30,20190628_103000.WAV,46080360,1.0,1.0,384000.0,768000.0,16.0,10,60.00046875,,Recorded at 10:30:00 28/06/2019 (UTC) by AudioMoth 248C7D075B2BF656 at gain setting 2 while battery state was 4.1V.,AudioMoth 248C7D075B2BF656,2019:12:18 15:15:52-08:00,WAV,WAV,audio/x-wav,0.9921907187
50260,AM-29,247AA5015BA446E5,GRABADOR-SDZG-AM-29/20190625_105000.WAV,GRABADOR-SDZG-AM-29,20190625_105000.WAV,46080360,1.0,1.0,384000.0,768000.0,16.0,10,60.00046875,,Recorded at 10:50:00 25/06/2019 (UTC) by AudioMoth 247AA5015BA446E5 at gain setting 2 while battery state was 4.3V.,AudioMoth 247AA5015BA446E5,2019:12:08 12:16:40-08:00,WAV,WAV,audio/x-wav,0.9772116542
48624,AM-27,243B1F075C79F65E,GRABADOR-SDZG-AM-27/20190708_112000.WAV,GRABADOR-SDZG-AM-27,20190708_112000.WAV,46080360,1.0,1.0,384000.0,768000.0,16.0,11,60.00046875,,Recorded at 11:20:00 08/07/2019 (UTC) by AudioMoth 243B1F075C79F65E at gain setting 2 while battery state was 3.7V.,AudioMoth 243B1F075C79F65E,2019:12:18 13:52:52-08:00,WAV,WAV,audio/x-wav,0.9782566428
36728,AM-24,243B1F075C79FAFC,GRABADOR-SDZG-AM-24/20190628_113000.WAV,GRABADOR-SDZG-AM-24,20190628_113000.WAV,46080360,1.0,1.0,384000.0,768000.0,16.0,11,60.00046875,,Recorded at 11:30:00 28/06/2019 (UTC) by AudioMoth 243B1F075C79FAFC at gain setting 2 while battery state was 4.0V.,AudioMoth 243B1F075C79FAFC,2019:12:09 05:13:13-08:00,WAV,WAV,audio/x-wav,0.9122647047
51845,AM-29,247AA5015BA446E5,GRABADOR-SDZG-AM-29/20190706_110000.WAV,GRABADOR-SDZG-AM-29,20190706_110000.WAV,46080360,1.0,1.0,384000.0,768000.0,16.0,11,60.00046875,,Recorded at 11:00:00 06/07/2019 (UTC) by AudioMoth 247AA5015BA446E5 at gain setting 2 while battery state was 3.9V.,AudioMoth 247AA5015BA446E5,2019:12:08 14:33:30-08:00,WAV,WAV,audio/x-wav,0.6742290854
51705,AM-29,247AA5015BA446E5,GRABADOR-SDZG-AM-29/20190705_114000.WAV,GRABADOR-SDZG-AM-29,20190705_114000.WAV,46080360,1.0,1.0,384000.0,768000.0,16.0,11,60.00046875,,Recorded at 11:40:00 05/07/2019 (UTC) by AudioMoth 247AA5015BA446E5 at gain setting 2 while battery state was 4.0V.,AudioMoth 247AA5015BA446E5,2019:12:08 14:21:24-08:00,WAV,WAV,audio/x-wav,0.9804219007
51413,AM-29,247AA5015BA446E5,GRABADOR-SDZG-AM-29/20190703_110000.WAV,GRABADOR-SDZG-AM-29,20190703_110000.WAV,46080360,1.0,1.0,384000.0,768000.0,16.0,11,60.00046875,,Recorded at 11:00:00 03/07/2019 (UTC) by AudioMoth 247AA5015BA446E5 at gain setting 2 while battery state was 4.0V.,AudioMoth 247AA5015BA446E5,2019:12:08 13:56:10-08:00,WAV,WAV,audio/x-wav,0.9911472797
29630,AM-22,247AA5015BA446DA,GRABADOR-SDZG-AM-22/20190707_105000.WAV,GRABADOR-SDZG-AM-22,20190707_105000.WAV,46080360,1.0,1.0,384000.0,768000.0,16.0,10,60.00046875,,Recorded at 10:50:00 07/07/2019 (UTC) by AudioMoth 247AA5015BA446DA at gain setting 2 while battery state was 4.0V.,AudioMoth 247AA5015BA446DA,2019:12:10 22:15:35-08:00,WAV,WAV,audio/x-wav,0.9901145101
51278,AM-29,247AA5015BA446E5,GRABADOR-SDZG-AM-29/20190702_123000.WAV,GRABADOR-SDZG-AM-29,20190702_123000.WAV,46080360,1.0,1.0,384000.0,768000.0,16.0,12,60.00046875,,Recorded at 12:30:00 02/07/2019 (UTC) by AudioMoth 247AA5015BA446E5 at gain setting 2 while battery state was 4.0V.,AudioMoth 247AA5015BA446E5,2019:12:08 13:44:31-08:00,WAV,WAV,audio/x-wav,0.9924200773
43056,AM-26,2466C2065BA446CE,GRABADOR-SDZG-AM-26/20190623_121000.WAV,GRABADOR-SDZG-AM-26,20190623_121000.WAV,46080360,1.0,1.0,384000.0,768000.0,16.0,12,60.00046875,,Recorded at 12:10:00 23/06/2019 (UTC) by AudioMoth 2466C2065BA446CE at gain setting 2 while battery state was 4.1V.,AudioMoth 2466C2065BA446CE,2019:12:19 17:08:02-08:00,WAV,WAV,audio/x-wav,0.9924635887
58815,AM-30,248C7D075B2BF656,GRABADOR-SDZG-AM-30/20190707_121000.WAV,GRABADOR-SDZG-AM-30,20190707_121000.WAV,46080360,1.0,1.0,384000.0,768000.0,16.0,12,60.00046875,,Recorded at 12:10:00 07/07/2019 (UTC) by AudioMoth 248C7D075B2BF656 at gain setting 2 while battery state was 3.6V.,AudioMoth 248C7D075B2BF656,2019:12:18 15:56:51-08:00,WAV,WAV,audio/x-wav,0.9901723862
57801,AM-30,248C7D075B2BF656,GRABADOR-SDZG-AM-30/20190630_111000.WAV,GRABADOR-SDZG-AM-30,20190630_111000.WAV,46080360,1.0,1.0,384000.0,768000.0,16.0,11,60.00046875,,Recorded at 11:10:00 30/06/2019 (UTC) by AudioMoth 248C7D075B2BF656 at gain setting 2 while battery state was 4.0V.,AudioMoth 248C7D075B2BF656,2019:12:18 15:25:02-08:00,WAV,WAV,audio/x-wav,0.9945292473
51269,AM-29,247AA5015BA446E5,GRABADOR-SDZG-AM-29/20190702_110000.WAV,GRABADOR-SDZG-AM-29,20190702_110000.WAV,46080360,1.0,1.0,384000.0,768000.0,16.0,11,60.00046875,,Recorded at 11:00:00 02/07/2019 (UTC) by AudioMoth 247AA5015BA446E5 at gain setting 2 while battery state was 4.0V.,AudioMoth 247AA5015BA446E5,2019:12:08 13:43:45-08:00,WAV,WAV,audio/x-wav,0.8845816255
28624,AM-22,247AA5015BA446DA,GRABADOR-SDZG-AM-22/20190630_111000.WAV,GRABADOR-SDZG-AM-22,20190630_111000.WAV,46080360,1.0,1.0,384000.0,768000.0,16.0,11,60.00046875,,Recorded at 11:10:00 30/06/2019 (UTC) by AudioMoth 247AA5015BA446DA at gain setting 2 while battery state was 4.2V.,AudioMoth 247AA5015BA446DA,2019:12:10 20:48:33-08:00,WAV,WAV,audio/x-wav,0.9499082565
51132,AM-29,247AA5015BA446E5,GRABADOR-SDZG-AM-29/20190701_121000.WAV,GRABADOR-SDZG-AM-29,20190701_121000.WAV,46080360,1.0,1.0,384000.0,768000.0,16.0,12,60.00046875,,Recorded at 12:10:00 01/07/2019 (UTC) by AudioMoth 247AA5015BA446E5 at gain setting 2 while battery state was 4.1V.,AudioMoth 247AA5015BA446E5,2019:12:08 13:31:55-08:00,WAV,WAV,audio/x-wav,0.9936263561
37166,AM-24,243B1F075C79FAFC,GRABADOR-SDZG-AM-24/20190701_123000.WAV,GRABADOR-SDZG-AM-24,20190701_123000.WAV,46080360,1.0,1.0,384000.0,768000.0,16.0,12,60.00046875,,Recorded at 12:30:00 01/07/2019 (UTC) by AudioMoth 243B1F075C79FAFC at gain setting 2 while battery state was 4.0V.,AudioMoth 243B1F075C79FAFC,2019:12:09 05:51:00-08:00,WAV,WAV,audio/x-wav,0.992523253
52279,AM-29,247AA5015BA446E5,GRABADOR-SDZG-AM-29/20190709_112000.WAV,GRABADOR-SDZG-AM-29,20190709_112000.WAV,46080360,1.0,1.0,384000.0,768000.0,16.0,11,60.00046875,,Recorded at 11:20:00 09/07/2019 (UTC) by AudioMoth 247AA5015BA446E5 at gain setting 2 while battery state was 3.8V.,AudioMoth 247AA5015BA446E5,2019:12:08 15:11:02-08:00,WAV,WAV,audio/x-wav,0.9936408401
21910,AM-2,248C7D075B2BF148,GRABADOR-SDZG-AM-2/20190616_111000.WAV,GRABADOR-SDZG-AM-2,20190616_111000.WAV,46080360,1.0,1.0,384000.0,768000.0,16.0,11,60.00046875,,Recorded at 11:10:00 16/06/2019 (UTC) by AudioMoth 248C7D075B2BF148 at gain setting 2 while battery state was 4.5V.,AudioMoth 248C7D075B2BF148,2019:12:08 04:47:38-08:00,WAV,WAV,audio/x-wav,0.9740300179
29339,AM-22,247AA5015BA446DA,GRABADOR-SDZG-AM-22/20190705_102000.WAV,GRABADOR-SDZG-AM-22,20190705_102000.WAV,46080360,1.0,1.0,384000.0,768000.0,16.0,10,60.00046875,,Recorded at 10:20:00 05/07/2019 (UTC) by AudioMoth 247AA5015BA446DA at gain setting 2 while battery state was 4.0V.,AudioMoth 247AA5015BA446DA,2019:12:10 21:50:23-08:00,WAV,WAV,audio/x-wav,0.9441568851
49979,AM-29,247AA5015BA446E5,GRABADOR-SDZG-AM-29/20190623_120000.WAV,GRABADOR-SDZG-AM-29,20190623_120000.WAV,46080360,1.0,1.0,384000.0,768000.0,16.0,12,60.00046875,,Recorded at 12:00:00 23/06/2019 (UTC) by AudioMoth 247AA5015BA446E5 at gain setting 2 while battery state was 4.3V.,AudioMoth 247AA5015BA446E5,2019:12:08 11:52:26-08:00,WAV,WAV,audio/x-wav,0.9803043604
35440,AM-24,243B1F075C79FAFC,GRABADOR-SDZG-AM-24/20190619_125000.WAV,GRABADOR-SDZG-AM-24,20190619_125000.WAV,46080360,1.0,1.0,384000.0,768000.0,16.0,12,60.00046875,,Recorded at 12:50:00 19/06/2019 (UTC) by AudioMoth 243B1F075C79FAFC at gain setting 2 while battery state was 4.3V.,AudioMoth 243B1F075C79FAFC,2019:12:09 03:22:17-08:00,WAV,WAV,audio/x-wav,0.9939081073
30217,AM-22,247AA5015BA446DA,GRABADOR-SDZG-AM-22/20190711_124000.WAV,GRABADOR-SDZG-AM-22,20190711_124000.WAV,46080360,1.0,1.0,384000.0,768000.0,16.0,12,60.00046875,,Recorded at 12:40:00 11/07/2019 (UTC) by AudioMoth 247AA5015BA446DA at gain setting 2 while battery state was 3.8V.,AudioMoth 247AA5015BA446DA,2019:12:10 23:06:23-08:00,WAV,WAV,audio/x-wav,0.8762714863
48489,AM-27,243B1F075C79F65E,GRABADOR-SDZG-AM-27/20190707_125000.WAV,GRABADOR-SDZG-AM-27,20190707_125000.WAV,46080360,1.0,1.0,384000.0,768000.0,16.0,12,60.00046875,,Recorded at 12:50:00 07/07/2019 (UTC) by AudioMoth 243B1F075C79F65E at gain setting 2 while battery state was 3.8V.,AudioMoth 243B1F075C79F65E,2019:12:18 13:48:37-08:00,WAV,WAV,audio/x-wav,0.924541533
48328,AM-27,243B1F075C79F65E,GRABADOR-SDZG-AM-27/20190706_100000.WAV,GRABADOR-SDZG-AM-27,20190706_100000.WAV,46080360,1.0,1.0,384000.0,768000.0,16.0,10,60.00046875,,Recorded at 10:00:00 06/07/2019 (UTC) by AudioMoth 243B1F075C79F65E at gain setting 2 while battery state was 3.8V.,AudioMoth 243B1F075C79F65E,2019:12:18 13:43:34-08:00,WAV,WAV,audio/x-wav,0.6380779147
40895,AM-25,24E144035BA455E9,GRABADOR-SDZG-AM-25/20190701_102000.WAV,GRABADOR-SDZG-AM-25,20190701_102000.WAV,46080360,1.0,1.0,384000.0,768000.0,16.0,10,60.00046875,,Recorded at 10:20:00 01/07/2019 (UTC) by AudioMoth 24E144035BA455E9 at gain setting 2 while battery state was 3.9V.,AudioMoth 24E144035BA455E9,2019:12:08 19:02:01-08:00,WAV,WAV,audio/x-wav,0.9815849066
27754,AM-22,247AA5015BA446DA,GRABADOR-SDZG-AM-22/20190624_101000.WAV,GRABADOR-SDZG-AM-22,20190624_101000.WAV,46080360,1.0,1.0,384000.0,768000.0,16.0,10,60.00046875,,Recorded at 10:10:00 24/06/2019 (UTC) by AudioMoth 247AA5015BA446DA at gain setting 2 while battery state was 4.4V.,AudioMoth 247AA5015BA446DA,2019:12:10 19:33:25-08:00,WAV,WAV,audio/x-wav,0.9589155912
30204,AM-22,247AA5015BA446DA,GRABADOR-SDZG-AM-22/20190711_103000.WAV,GRABADOR-SDZG-AM-22,20190711_103000.WAV,46080360,1.0,1.0,384000.0,768000.0,16.0,10,60.00046875,,Recorded at 10:30:00 11/07/2019 (UTC) by AudioMoth 247AA5015BA446DA at gain setting 2 while battery state was 3.8V.,AudioMoth 247AA5015BA446DA,2019:12:10 23:05:16-08:00,WAV,WAV,audio/x-wav,0.947863996
51411,AM-29,247AA5015BA446E5,GRABADOR-SDZG-AM-29/20190703_104000.WAV,GRABADOR-SDZG-AM-29,20190703_104000.WAV,46080360,1.0,1.0,384000.0,768000.0,16.0,10,60.00046875,,Recorded at 10:40:00 03/07/2019 (UTC) by AudioMoth 247AA5015BA446E5 at gain setting 2 while battery state was 4.0V.,AudioMoth 247AA5015BA446E5,2019:12:08 13:56:00-08:00,WAV,WAV,audio/x-wav,0.6572461724
38230,AM-24,243B1F075C79FAFC,GRABADOR-SDZG-AM-24/20190708_215000.WAV,GRABADOR-SDZG-AM-24,20190708_215000.WAV,46080360,1.0,1.0,384000.0,768000.0,16.0,21,60.00046875,,Recorded at 21:50:00 08/07/2019 (UTC) by AudioMoth 243B1F075C79FAFC at gain setting 2 while battery state was 3.7V.,AudioMoth 243B1F075C79FAFC,2019:12:09 07:22:49-08:00,WAV,WAV,audio/x-wav,0.6150387526
48534,AM-27,243B1F075C79F65E,GRABADOR-SDZG-AM-27/20190707_202000.WAV,GRABADOR-SDZG-AM-27,20190707_202000.WAV,46080360,1.0,1.0,384000.0,768000.0,16.0,20,60.00046875,,Recorded at 20:20:00 07/07/2019 (UTC) by AudioMoth 243B1F075C79F65E at gain setting 2 while battery state was 3.8V.,AudioMoth 243B1F075C79F65E,2019:12:18 13:50:03-08:00,WAV,WAV,audio/x-wav,0.9881919622
58735,AM-30,248C7D075B2BF656,GRABADOR-SDZG-AM-30/20190706_225000.WAV,GRABADOR-SDZG-AM-30,20190706_225000.WAV,46080360,1.0,1.0,384000.0,768000.0,16.0,22,60.00046875,,Recorded at 22:50:00 06/07/2019 (UTC) by AudioMoth 248C7D075B2BF656 at gain setting 2 while battery state was 3.6V.,AudioMoth 248C7D075B2BF656,2019:12:18 15:54:22-08:00,WAV,WAV,audio/x-wav,0.9151780009
1194,AM-1,243B1F055B2BEAB8,GRABADOR-SDZG-AM-1/20190624_215000.WAV,GRABADOR-SDZG-AM-1,20190624_215000.WAV,46080360,1.0,1.0,384000.0,768000.0,16.0,21,60.00046875,,Recorded at 21:50:00 24/06/2019 (UTC) by AudioMoth 243B1F055B2BEAB8 at gain setting 2 while battery state was 4.2V.,AudioMoth 243B1F055B2BEAB8,2019:12:20 03:50:34-08:00,WAV,WAV,audio/x-wav,0.9932801723
44697,AM-26,2466C2065BA446CE,GRABADOR-SDZG-AM-26/20190704_214000.WAV,GRABADOR-SDZG-AM-26,20190704_214000.WAV,46080360,1.0,1.0,384000.0,768000.0,16.0,21,60.00046875,,Recorded at 21:40:00 04/07/2019 (UTC) by AudioMoth 2466C2065BA446CE at gain setting 2 while battery state was 3.7V.,AudioMoth 2466C2065BA446CE,2019:12:19 17:59:49-08:00,WAV,WAV,audio/x-wav,0.9780831337
48821,AM-27,243B1F075C79F65E,GRABADOR-SDZG-AM-27/20190709_201000.WAV,GRABADOR-SDZG-AM-27,20190709_201000.WAV,46080360,1.0,1.0,384000.0,768000.0,16.0,20,60.00046875,,Recorded at 20:10:00 09/07/2019 (UTC) by AudioMoth 243B1F075C79F65E at gain setting 2 while battery state was 3.7V.,AudioMoth 243B1F075C79F65E,2019:12:18 13:59:01-08:00,WAV,WAV,audio/x-wav,0.9868376255
51475,AM-29,247AA5015BA446E5,GRABADOR-SDZG-AM-29/20190703_212000.WAV,GRABADOR-SDZG-AM-29,20190703_212000.WAV,46080360,1.0,1.0,384000.0,768000.0,16.0,21,60.00046875,,Recorded at 21:20:00 03/07/2019 (UTC) by AudioMoth 247AA5015BA446E5 at gain setting 2 while battery state was 4.0V.,AudioMoth 247AA5015BA446E5,2019:12:08 14:01:31-08:00,WAV,WAV,audio/x-wav,0.8298200369
35058,AM-24,243B1F075C79FAFC,GRABADOR-SDZG-AM-24/20190616_211000.WAV,GRABADOR-SDZG-AM-24,20190616_211000.WAV,46080360,1.0,1.0,384000.0,768000.0,16.0,21,60.00046875,,Recorded at 21:10:00 16/06/2019 (UTC) by AudioMoth 243B1F075C79FAFC at gain setting 2 while battery state was 4.5V.,AudioMoth 243B1F075C79FAFC,2019:12:09 02:49:26-08:00,WAV,WAV,audio/x-wav,0.9899526834
29978,AM-22,247AA5015BA446DA,GRABADOR-SDZG-AM-22/20190709_205000.WAV,GRABADOR-SDZG-AM-22,20190709_205000.WAV,46080360,1.0,1.0,384000.0,768000.0,16.0,20,60.00046875,,Recorded at 20:50:00 09/07/2019 (UTC) by AudioMoth 247AA5015BA446DA at gain setting 2 while battery state was 3.9V.,AudioMoth 247AA5015BA446DA,2019:12:10 22:45:43-08:00,WAV,WAV,audio/x-wav,0.9764157534
2493,AM-1,243B1F055B2BEAB8,GRABADOR-SDZG-AM-1/20190703_222000.WAV,GRABADOR-SDZG-AM-1,20190703_222000.WAV,46080360,1.0,1.0,384000.0,768000.0,16.0,22,60.00046875,,Recorded at 22:20:00 03/07/2019 (UTC) by AudioMoth 243B1F055B2BEAB8 at gain setting 2 while battery state was 3.7V.,AudioMoth 243B1F055B2BEAB8,2019:12:20 04:31:28-08:00,WAV,WAV,audio/x-wav,0.9429973364
766,AM-1,243B1F055B2BEAB8,GRABADOR-SDZG-AM-1/20190621_223000.WAV,GRABADOR-SDZG-AM-1,20190621_223000.WAV,46080360,1.0,1.0,384000.0,768000.0,16.0,22,60.00046875,,Recorded at 22:30:00 21/06/2019 (UTC) by AudioMoth 243B1F055B2BEAB8 at gain setting 2 while battery state was 4.3V.,AudioMoth 243B1F055B2BEAB8,2019:12:20 03:37:07-08:00,WAV,WAV,audio/x-wav,0.7058151364
68282,AM-6,2466C2065B2BF148,GRABADOR-SDZG-AM-6/20190624_223000.WAV,GRABADOR-SDZG-AM-6,20190624_223000.WAV,46080360,1.0,1.0,384000.0,768000.0,16.0,22,60.00046875,,Recorded at 22:30:00 24/06/2019 (UTC) by AudioMoth 2466C2065B2BF148 at gain setting 2 while battery state was 4.0V.,AudioMoth 2466C2065B2BF148,2019:12:10 11:42:27-08:00,WAV,WAV,audio/x-wav,0.6270576715
29541,AM-22,247AA5015BA446DA,GRABADOR-SDZG-AM-22/20190706_200000.WAV,GRABADOR-SDZG-AM-22,20190706_200000.WAV,46080360,1.0,1.0,384000.0,768000.0,16.0,20,60.00046875,,Recorded at 20:00:00 06/07/2019 (UTC) by AudioMoth 247AA5015BA446DA at gain setting 2 while battery state was 4.0V.,AudioMoth 247AA5015BA446DA,2019:12:10 22:07:51-08:00,WAV,WAV,audio/x-wav,0.7380974293
29686,AM-22,247AA5015BA446DA,GRABADOR-SDZG-AM-22/20190707_201000.WAV,GRABADOR-SDZG-AM-22,20190707_201000.WAV,46080360,1.0,1.0,384000.0,768000.0,16.0,20,60.00046875,,Recorded at 20:10:00 07/07/2019 (UTC) by AudioMoth 247AA5015BA446DA at gain setting 2 while battery state was 4.0V.,AudioMoth 247AA5015BA446DA,2019:12:10 22:20:25-08:00,WAV,WAV,audio/x-wav,0.8631855249
472,AM-1,243B1F055B2BEAB8,GRABADOR-SDZG-AM-1/20190619_213000.WAV,GRABADOR-SDZG-AM-1,20190619_213000.WAV,46080360,1.0,1.0,384000.0,768000.0,16.0,21,60.00046875,,Recorded at 21:30:00 19/06/2019 (UTC) by AudioMoth 243B1F055B2BEAB8 at gain setting 2 while battery state was 4.4V.,AudioMoth 243B1F055B2BEAB8,2019:12:20 03:27:54-08:00,WAV,WAV,audio/x-wav,0.9485714436
46084,AM-27,243B1F075C79F65E,GRABADOR-SDZG-AM-27/20190620_200000.WAV,GRABADOR-SDZG-AM-27,20190620_200000.WAV,46080360,1.0,1.0,384000.0,768000.0,16.0,20,60.00046875,,Recorded at 20:00:00 20/06/2019 (UTC) by AudioMoth 243B1F075C79F65E at gain setting 2 while battery state was 4.4V.,AudioMoth 243B1F075C79F65E,2019:12:18 12:33:18-08:00,WAV,WAV,audio/x-wav,0.6347935796
28545,AM-22,247AA5015BA446DA,GRABADOR-SDZG-AM-22/20190629_220000.WAV,GRABADOR-SDZG-AM-22,20190629_220000.WAV,46080360,1.0,1.0,384000.0,768000.0,16.0,22,60.00046875,,Recorded at 22:00:00 29/06/2019 (UTC) by AudioMoth 247AA5015BA446DA at gain setting 2 while battery state was 4.2V.,AudioMoth 247AA5015BA446DA,2019:12:10 20:41:43-08:00,WAV,WAV,audio/x-wav,0.9688370228
29120,AM-22,247AA5015BA446DA,GRABADOR-SDZG-AM-22/20190703_215000.WAV,GRABADOR-SDZG-AM-22,20190703_215000.WAV,46080360,1.0,1.0,384000.0,768000.0,16.0,21,60.00046875,,Recorded at 21:50:00 03/07/2019 (UTC) by AudioMoth 247AA5015BA446DA at gain setting 2 while battery state was 4.1V.,AudioMoth 247AA5015BA446DA,2019:12:10 21:31:26-08:00,WAV,WAV,audio/x-wav,0.7892576456
50613,AM-29,247AA5015BA446E5,GRABADOR-SDZG-AM-29/20190627_214000.WAV,GRABADOR-SDZG-AM-29,20190627_214000.WAV,46080360,1.0,1.0,384000.0,768000.0,16.0,21,60.00046875,,Recorded at 21:40:00 27/06/2019 (UTC) by AudioMoth 247AA5015BA446E5 at gain setting 2 while battery state was 4.2V.,AudioMoth 247AA5015BA446E5,2019:12:08 12:47:09-08:00,WAV,WAV,audio/x-wav,0.9873449802
36217,AM-24,243B1F075C79FAFC,GRABADOR-SDZG-AM-24/20190624_222000.WAV,GRABADOR-SDZG-AM-24,20190624_222000.WAV,46080360,1.0,1.0,384000.0,768000.0,16.0,22,60.00046875,,Recorded at 22:20:00 24/06/2019 (UTC) by AudioMoth 243B1F075C79FAFC at gain setting 2 while battery state was 4.2V.,AudioMoth 243B1F075C79FAFC,2019:12:09 04:29:11-08:00,WAV,WAV,audio/x-wav,0.9877878428
35203,AM-24,243B1F075C79FAFC,GRABADOR-SDZG-AM-24/20190617_212000.WAV,GRABADOR-SDZG-AM-24,20190617_212000.WAV,46080360,1.0,1.0,384000.0,768000.0,16.0,21,60.00046875,,Recorded at 21:20:00 17/06/2019 (UTC) by AudioMoth 243B1F075C79FAFC at gain setting 2 while battery state was 4.4V.,AudioMoth 243B1F075C79FAFC,2019:12:09 03:01:54-08:00,WAV,WAV,audio/x-wav,0.5118311048
38945,AM-25,24E144035BA455E9,GRABADOR-SDZG-AM-25/20190617_212000.WAV,GRABADOR-SDZG-AM-25,20190617_212000.WAV,46080360,1.0,1.0,384000.0,768000.0,16.0,21,60.00046875,,Recorded at 21:20:00 17/06/2019 (UTC) by AudioMoth 24E144035BA455E9 at gain setting 2 while battery state was 4.4V.,AudioMoth 24E144035BA455E9,2019:12:08 16:14:17-08:00,WAV,WAV,audio/x-wav,0.6634253263
28107,AM-22,247AA5015BA446DA,GRABADOR-SDZG-AM-22/20190626_210000.WAV,GRABADOR-SDZG-AM-22,20190626_210000.WAV,46080360,1.0,1.0,384000.0,768000.0,16.0,21,60.00046875,,Recorded at 21:00:00 26/06/2019 (UTC) by AudioMoth 247AA5015BA446DA at gain setting 2 while battery state was 4.3V.,AudioMoth 247AA5015BA446DA,2019:12:10 20:03:54-08:00,WAV,WAV,audio/x-wav,0.99182868
35494,AM-24,243B1F075C79FAFC,GRABADOR-SDZG-AM-24/20190619_215000.WAV,GRABADOR-SDZG-AM-24,20190619_215000.WAV,46080360,1.0,1.0,384000.0,768000.0,16.0,21,60.00046875,,Recorded at 21:50:00 19/06/2019 (UTC) by AudioMoth 243B1F075C79FAFC at gain setting 2 while battery state was 4.4V.,AudioMoth 243B1F075C79FAFC,2019:12:09 03:26:55-08:00,WAV,WAV,audio/x-wav,0.9187027216
35204,AM-24,243B1F075C79FAFC,GRABADOR-SDZG-AM-24/20190617_213000.WAV,GRABADOR-SDZG-AM-24,20190617_213000.WAV,46080360,1.0,1.0,384000.0,768000.0,16.0,21,60.00046875,,Recorded at 21:30:00 17/06/2019 (UTC) by AudioMoth 243B1F075C79FAFC at gain setting 2 while battery state was 4.4V.,AudioMoth 243B1F075C79FAFC,2019:12:09 03:01:59-08:00,WAV,WAV,audio/x-wav,0.9628355503
39085,AM-25,24E144035BA455E9,GRABADOR-SDZG-AM-25/20190618_204000.WAV,GRABADOR-SDZG-AM-25,20190618_204000.WAV,46080360,1.0,1.0,384000.0,768000.0,16.0,20,60.00046875,,Recorded at 20:40:00 18/06/2019 (UTC) by AudioMoth 24E144035BA455E9 at gain setting 2 while battery state was 4.4V.,AudioMoth 24E144035BA455E9,2019:12:08 16:26:20-08:00,WAV,WAV,audio/x-wav,0.8290841579
41101,AM-25,24E144035BA455E9,GRABADOR-SDZG-AM-25/20190702_204000.WAV,GRABADOR-SDZG-AM-25,20190702_204000.WAV,46080360,1.0,1.0,384000.0,768000.0,16.0,20,60.00046875,,Recorded at 20:40:00 02/07/2019 (UTC) by AudioMoth 24E144035BA455E9 at gain setting 2 while battery state was 3.8V.,AudioMoth 24E144035BA455E9,2019:12:08 19:19:49-08:00,WAV,WAV,audio/x-wav,0.9941227436
613,AM-1,243B1F055B2BEAB8,GRABADOR-SDZG-AM-1/20190620_210000.WAV,GRABADOR-SDZG-AM-1,20190620_210000.WAV,46080360,1.0,1.0,384000.0,768000.0,16.0,21,60.00046875,,Recorded at 21:00:00 20/06/2019 (UTC) by AudioMoth 243B1F055B2BEAB8 at gain setting 2 while battery state was 4.3V.,AudioMoth 243B1F055B2BEAB8,2019:12:20 03:32:20-08:00,WAV,WAV,audio/x-wav,0.9929285049
52334,AM-29,247AA5015BA446E5,GRABADOR-SDZG-AM-29/20190709_203000.WAV,GRABADOR-SDZG-AM-29,20190709_203000.WAV,46080360,1.0,1.0,384000.0,768000.0,16.0,20,60.00046875,,Recorded at 20:30:00 09/07/2019 (UTC) by AudioMoth 247AA5015BA446E5 at gain setting 2 while battery state was 3.8V.,AudioMoth 247AA5015BA446E5,2019:12:08 15:15:49-08:00,WAV,WAV,audio/x-wav,0.620208621
29701,AM-22,247AA5015BA446DA,GRABADOR-SDZG-AM-22/20190707_224000.WAV,GRABADOR-SDZG-AM-22,20190707_224000.WAV,46080360,1.0,1.0,384000.0,768000.0,16.0,22,60.00046875,,Recorded at 22:40:00 07/07/2019 (UTC) by AudioMoth 247AA5015BA446DA at gain setting 2 while battery state was 4.0V.,AudioMoth 247AA5015BA446DA,2019:12:10 22:21:44-08:00,WAV,WAV,audio/x-wav,0.9100693464
181,AM-1,243B1F055B2BEAB8,GRABADOR-SDZG-AM-1/20190617_210000.WAV,GRABADOR-SDZG-AM-1,20190617_210000.WAV,46080360,1.0,1.0,384000.0,768000.0,16.0,21,60.00046875,,Recorded at 21:00:00 17/06/2019 (UTC) by AudioMoth 243B1F055B2BEAB8 at gain setting 2 while battery state was 4.5V.,AudioMoth 243B1F055B2BEAB8,2019:12:20 03:18:46-08:00,WAV,WAV,audio/x-wav,0.6062526703
27970,AM-22,247AA5015BA446DA,GRABADOR-SDZG-AM-22/20190625_221000.WAV,GRABADOR-SDZG-AM-22,20190625_221000.WAV,46080360,1.0,1.0,384000.0,768000.0,16.0,22,60.00046875,,Recorded at 22:10:00 25/06/2019 (UTC) by AudioMoth 247AA5015BA446DA at gain setting 2 while battery state was 4.4V.,AudioMoth 247AA5015BA446DA,2019:12:10 19:52:06-08:00,WAV,WAV,audio/x-wav,0.9769256115
28973,AM-22,247AA5015BA446DA,GRABADOR-SDZG-AM-22/20190702_212000.WAV,GRABADOR-SDZG-AM-22,20190702_212000.WAV,46080360,1.0,1.0,384000.0,768000.0,16.0,21,60.00046875,,Recorded at 21:20:00 02/07/2019 (UTC) by AudioMoth 247AA5015BA446DA at gain setting 2 while battery state was 4.1V.,AudioMoth 247AA5015BA446DA,2019:12:10 21:18:43-08:00,WAV,WAV,audio/x-wav,0.9907451868
67994,AM-6,2466C2065B2BF148,GRABADOR-SDZG-AM-6/20190622_223000.WAV,GRABADOR-SDZG-AM-6,20190622_223000.WAV,46080360,1.0,1.0,384000.0,768000.0,16.0,22,60.00046875,,Recorded at 22:30:00 22/06/2019 (UTC) by AudioMoth 2466C2065B2BF148 at gain setting 2 while battery state was 4.1V.,AudioMoth 2466C2065B2BF148,2019:12:10 11:17:34-08:00,WAV,WAV,audio/x-wav,0.5092016459
36060,AM-24,243B1F075C79FAFC,GRABADOR-SDZG-AM-24/20190623_201000.WAV,GRABADOR-SDZG-AM-24,20190623_201000.WAV,46080360,1.0,1.0,384000.0,768000.0,16.0,20,60.00046875,,Recorded at 20:10:00 23/06/2019 (UTC) by AudioMoth 243B1F075C79FAFC at gain setting 2 while battery state was 4.2V.,AudioMoth 243B1F075C79FAFC,2019:12:09 04:15:39-08:00,WAV,WAV,audio/x-wav,0.9822379947
29267,AM-22,247AA5015BA446DA,GRABADOR-SDZG-AM-22/20190704_222000.WAV,GRABADOR-SDZG-AM-22,20190704_222000.WAV,46080360,1.0,1.0,384000.0,768000.0,16.0,22,60.00046875,,Recorded at 22:20:00 04/07/2019 (UTC) by AudioMoth 247AA5015BA446DA at gain setting 2 while battery state was 4.1V.,AudioMoth 247AA5015BA446DA,2019:12:10 21:44:09-08:00,WAV,WAV,audio/x-wav,0.915363729
52060,AM-29,247AA5015BA446E5,GRABADOR-SDZG-AM-29/20190707_225000.WAV,GRABADOR-SDZG-AM-29,20190707_225000.WAV,46080360,1.0,1.0,384000.0,768000.0,16.0,22,60.00046875,,Recorded at 22:50:00 07/07/2019 (UTC) by AudioMoth 247AA5015BA446E5 at gain setting 2 while battery state was 3.9V.,AudioMoth 247AA5015BA446E5,2019:12:08 14:52:06-08:00,WAV,WAV,audio/x-wav,0.8685277104
66395,AM-6,2466C2065B2BF148,GRABADOR-SDZG-AM-6/20190611_200000.WAV,GRABADOR-SDZG-AM-6,20190611_200000.WAV,46080360,1.0,1.0,384000.0,768000.0,16.0,20,60.00046875,,Recorded at 20:00:00 11/06/2019 (UTC) by AudioMoth 2466C2065B2BF148 at gain setting 2 while battery state was 4.6V.,AudioMoth 2466C2065B2BF148,2019:12:10 08:59:37-08:00,WAV,WAV,audio/x-wav,0.9922534823
35642,AM-24,243B1F075C79FAFC,GRABADOR-SDZG-AM-24/20190620_223000.WAV,GRABADOR-SDZG-AM-24,20190620_223000.WAV,46080360,1.0,1.0,384000.0,768000.0,16.0,22,60.00046875,,Recorded at 22:30:00 20/06/2019 (UTC) by AudioMoth 243B1F075C79FAFC at gain setting 2 while battery state was 4.4V.,AudioMoth 243B1F075C79FAFC,2019:12:09 03:39:39-08:00,WAV,WAV,audio/x-wav,0.6715446711
610,AM-1,243B1F055B2BEAB8,GRABADOR-SDZG-AM-1/20190620_203000.WAV,GRABADOR-SDZG-AM-1,20190620_203000.WAV,46080360,1.0,1.0,384000.0,768000.0,16.0,20,60.00046875,,Recorded at 20:30:00 20/06/2019 (UTC) by AudioMoth 243B1F055B2BEAB8 at gain setting 2 while battery state was 4.3V.,AudioMoth 243B1F055B2BEAB8,2019:12:20 03:32:15-08:00,WAV,WAV,audio/x-wav,0.9926345348
40385,AM-25,24E144035BA455E9,GRABADOR-SDZG-AM-25/20190627_212000.WAV,GRABADOR-SDZG-AM-25,20190627_212000.WAV,46080360,1.0,1.0,384000.0,768000.0,16.0,21,60.00046875,,Recorded at 21:20:00 27/06/2019 (UTC) by AudioMoth 24E144035BA455E9 at gain setting 2 while battery state was 4.1V.,AudioMoth 24E144035BA455E9,2019:12:08 18:18:04-08:00,WAV,WAV,audio/x-wav,0.9055501223
50614,AM-29,247AA5015BA446E5,GRABADOR-SDZG-AM-29/20190627_215000.WAV,GRABADOR-SDZG-AM-29,20190627_215000.WAV,46080360,1.0,1.0,384000.0,768000.0,16.0,21,60.00046875,,Recorded at 21:50:00 27/06/2019 (UTC) by AudioMoth 247AA5015BA446E5 at gain setting 2 while battery state was 4.2V.,AudioMoth 247AA5015BA446E5,2019:12:08 12:47:14-08:00,WAV,WAV,audio/x-wav,0.5842583776
56559,AM-30,248C7D075B2BF656,GRABADOR-SDZG-AM-30/20190621_201000.WAV,GRABADOR-SDZG-AM-30,20190621_201000.WAV,46080360,1.0,1.0,384000.0,768000.0,16.0,20,60.00046875,,Recorded at 20:10:00 21/06/2019 (UTC) by AudioMoth 248C7D075B2BF656 at gain setting 2 while battery state was 4.4V.,AudioMoth 248C7D075B2BF656,2019:12:18 14:46:14-08:00,WAV,WAV,audio/x-wav,0.8730643988
57136,AM-30,248C7D075B2BF656,GRABADOR-SDZG-AM-30/20190625_202000.WAV,GRABADOR-SDZG-AM-30,20190625_202000.WAV,46080360,1.0,1.0,384000.0,768000.0,16.0,20,60.00046875,,Recorded at 20:20:00 25/06/2019 (UTC) by AudioMoth 248C7D075B2BF656 at gain setting 2 while battery state was 4.2V.,AudioMoth 248C7D075B2BF656,2019:12:18 15:04:13-08:00,WAV,WAV,audio/x-wav,0.8741239309
43111,AM-26,2466C2065BA446CE,GRABADOR-SDZG-AM-26/20190623_212000.WAV,GRABADOR-SDZG-AM-26,20190623_212000.WAV,46080360,1.0,1.0,384000.0,768000.0,16.0,21,60.00046875,,Recorded at 21:20:00 23/06/2019 (UTC) by AudioMoth 2466C2065BA446CE at gain setting 2 while battery state was 4.1V.,AudioMoth 2466C2065BA446CE,2019:12:19 17:09:45-08:00,WAV,WAV,audio/x-wav,0.9848031402
903,AM-1,243B1F055B2BEAB8,GRABADOR-SDZG-AM-1/20190622_212000.WAV,GRABADOR-SDZG-AM-1,20190622_212000.WAV,46080360,1.0,1.0,384000.0,768000.0,16.0,21,60.00046875,,Recorded at 21:20:00 22/06/2019 (UTC) by AudioMoth 243B1F055B2BEAB8 at gain setting 2 while battery state was 4.2V.,AudioMoth 243B1F055B2BEAB8,2019:12:20 03:41:23-08:00,WAV,WAV,audio/x-wav,0.9925397635
41819,AM-26,2466C2065BA446CE,GRABADOR-SDZG-AM-26/20190611_223000.WAV,GRABADOR-SDZG-AM-26,20190611_223000.WAV,46080360,1.0,1.0,384000.0,768000.0,16.0,22,60.00046875,,Recorded at 22:30:00 11/06/2019 (UTC) by AudioMoth 2466C2065BA446CE at gain setting 2 while battery state was 4.4V.,AudioMoth 2466C2065BA446CE,2019:12:19 16:29:14-08:00,WAV,WAV,audio/x-wav,0.9667390585
69841,AM-6,2466C2065B2BF148,GRABADOR-SDZG-AM-6/20190705_213000.WAV,GRABADOR-SDZG-AM-6,20190705_213000.WAV,46080360,1.0,1.0,384000.0,768000.0,16.0,21,60.00046875,,Recorded at 21:30:00 05/07/2019 (UTC) by AudioMoth 2466C2065B2BF148 at gain setting 2 while battery state was 3.6V.,AudioMoth 2466C2065B2BF148,2019:12:10 13:53:21-08:00,WAV,WAV,audio/x-wav,0.5066844821
56565,AM-30,248C7D075B2BF656,GRABADOR-SDZG-AM-30/20190621_211000.WAV,GRABADOR-SDZG-AM-30,20190621_211000.WAV,46080360,1.0,1.0,384000.0,768000.0,16.0,21,60.00046875,,Recorded at 21:10:00 21/06/2019 (UTC) by AudioMoth 248C7D075B2BF656 at gain setting 2 while battery state was 4.4V.,AudioMoth 248C7D075B2BF656,2019:12:18 14:46:25-08:00,WAV,WAV,audio/x-wav,0.950914979
44121,AM-26,2466C2065BA446CE,GRABADOR-SDZG-AM-26/20190630_214000.WAV,GRABADOR-SDZG-AM-26,20190630_214000.WAV,46080360,1.0,1.0,384000.0,768000.0,16.0,21,60.00046875,,Recorded at 21:40:00 30/06/2019 (UTC) by AudioMoth 2466C2065BA446CE at gain setting 2 while battery state was 3.9V.,AudioMoth 2466C2065BA446CE,2019:12:19 17:41:36-08:00,WAV,WAV,audio/x-wav,0.8794895411
42395,AM-26,2466C2065BA446CE,GRABADOR-SDZG-AM-26/20190618_220000.WAV,GRABADOR-SDZG-AM-26,20190618_220000.WAV,46080360,1.0,1.0,384000.0,768000.0,16.0,22,60.00046875,,Recorded at 22:00:00 18/06/2019 (UTC) by AudioMoth 2466C2065BA446CE at gain setting 2 while battery state was 4.4V.,AudioMoth 2466C2065BA446CE,2019:12:19 16:47:17-08:00,WAV,WAV,audio/x-wav,0.9839165211
56848,AM-30,248C7D075B2BF656,GRABADOR-SDZG-AM-30/20190623_202000.WAV,GRABADOR-SDZG-AM-30,20190623_202000.WAV,46080360,1.0,1.0,384000.0,768000.0,16.0,20,60.00046875,,Recorded at 20:20:00 23/06/2019 (UTC) by AudioMoth 248C7D075B2BF656 at gain setting 2 while battery state was 4.3V.,AudioMoth 248C7D075B2BF656,2019:12:18 14:55:15-08:00,WAV,WAV,audio/x-wav,0.9800852537
34914,AM-24,243B1F075C79FAFC,GRABADOR-SDZG-AM-24/20190615_211000.WAV,GRABADOR-SDZG-AM-24,20190615_211000.WAV,46080360,1.0,1.0,384000.0,768000.0,16.0,21,60.00046875,,Recorded at 21:10:00 15/06/2019 (UTC) by AudioMoth 243B1F075C79FAFC at gain setting 2 while battery state was 4.7V.,AudioMoth 243B1F075C79FAFC,2019:12:09 02:37:05-08:00,WAV,WAV,audio/x-wav,0.9878686666
27679,AM-22,247AA5015BA446DA,GRABADOR-SDZG-AM-22/20190623_214000.WAV,GRABADOR-SDZG-AM-22,20190623_214000.WAV,46080360,1.0,1.0,384000.0,768000.0,16.0,21,60.00046875,,Recorded at 21:40:00 23/06/2019 (UTC) by AudioMoth 247AA5015BA446DA at gain setting 2 while battery state was 4.4V.,AudioMoth 247AA5015BA446DA,2019:12:10 19:26:57-08:00,WAV,WAV,audio/x-wav,0.9255486727
21970,AM-2,248C7D075B2BF148,GRABADOR-SDZG-AM-2/20190616_211000.WAV,GRABADOR-SDZG-AM-2,20190616_211000.WAV,46080360,1.0,1.0,384000.0,768000.0,16.0,21,60.00046875,,Recorded at 21:10:00 16/06/2019 (UTC) by AudioMoth 248C7D075B2BF148 at gain setting 2 while battery state was 4.5V.,AudioMoth 248C7D075B2BF148,2019:12:08 04:52:48-08:00,WAV,WAV,audio/x-wav,0.9826729298
52052,AM-29,247AA5015BA446E5,GRABADOR-SDZG-AM-29/20190707_213000.WAV,GRABADOR-SDZG-AM-29,20190707_213000.WAV,46080360,1.0,1.0,384000.0,768000.0,16.0,21,60.00046875,,Recorded at 21:30:00 07/07/2019 (UTC) by AudioMoth 247AA5015BA446E5 at gain setting 2 while battery state was 3.9V.,AudioMoth 247AA5015BA446E5,2019:12:08 14:51:25-08:00,WAV,WAV,audio/x-wav,0.9875403643
22696,AM-2,248C7D075B2BF148,GRABADOR-SDZG-AM-2/20190621_221000.WAV,GRABADOR-SDZG-AM-2,20190621_221000.WAV,46080360,1.0,1.0,384000.0,768000.0,16.0,22,60.00046875,,Recorded at 22:10:00 21/06/2019 (UTC) by AudioMoth 248C7D075B2BF148 at gain setting 2 while battery state was 4.3V.,AudioMoth 248C7D075B2BF148,2019:12:08 05:55:22-08:00,WAV,WAV,audio/x-wav,0.974871397
22540,AM-2,248C7D075B2BF148,GRABADOR-SDZG-AM-2/20190620_201000.WAV,GRABADOR-SDZG-AM-2,20190620_201000.WAV,46080360,1.0,1.0,384000.0,768000.0,16.0,20,60.00046875,,Recorded at 20:10:00 20/06/2019 (UTC) by AudioMoth 248C7D075B2BF148 at gain setting 2 while battery state was 4.3V.,AudioMoth 248C7D075B2BF148,2019:12:08 05:41:53-08:00,WAV,WAV,audio/x-wav,0.8560660481
47105,AM-27,243B1F075C79F65E,GRABADOR-SDZG-AM-27/20190627_221000.WAV,GRABADOR-SDZG-AM-27,20190627_221000.WAV,46080360,1.0,1.0,384000.0,768000.0,16.0,22,60.00046875,,Recorded at 22:10:00 27/06/2019 (UTC) by AudioMoth 243B1F075C79F65E at gain setting 2 while battery state was 4.1V.,AudioMoth 243B1F075C79F65E,2019:12:18 13:05:12-08:00,WAV,WAV,audio/x-wav,0.9758991003
37654,AM-24,243B1F075C79FAFC,GRABADOR-SDZG-AM-24/20190704_215000.WAV,GRABADOR-SDZG-AM-24,20190704_215000.WAV,46080360,1.0,1.0,384000.0,768000.0,16.0,21,60.00046875,,Recorded at 21:50:00 04/07/2019 (UTC) by AudioMoth 243B1F075C79FAFC at gain setting 2 while battery state was 3.9V.,AudioMoth 243B1F075C79FAFC,2019:12:09 06:33:06-08:00,WAV,WAV,audio/x-wav,0.9719763994
43260,AM-26,2466C2065BA446CE,GRABADOR-SDZG-AM-26/20190624_221000.WAV,GRABADOR-SDZG-AM-26,20190624_221000.WAV,46080360,1.0,1.0,384000.0,768000.0,16.0,22,60.00046875,,Recorded at 22:10:00 24/06/2019 (UTC) by AudioMoth 2466C2065BA446CE at gain setting 2 while battery state was 4.1V.,AudioMoth 2466C2065BA446CE,2019:12:19 17:14:27-08:00,WAV,WAV,audio/x-wav,0.9934293628
52045,AM-29,247AA5015BA446E5,GRABADOR-SDZG-AM-29/20190707_202000.WAV,GRABADOR-SDZG-AM-29,20190707_202000.WAV,46080360,1.0,1.0,384000.0,768000.0,16.0,20,60.00046875,,Recorded at 20:20:00 07/07/2019 (UTC) by AudioMoth 247AA5015BA446E5 at gain setting 2 while battery state was 3.9V.,AudioMoth 247AA5015BA446E5,2019:12:08 14:50:48-08:00,WAV,WAV,audio/x-wav,0.8672786951
28685,AM-22,247AA5015BA446DA,GRABADOR-SDZG-AM-22/20190630_212000.WAV,GRABADOR-SDZG-AM-22,20190630_212000.WAV,46080360,1.0,1.0,384000.0,768000.0,16.0,21,60.00046875,,Recorded at 21:20:00 30/06/2019 (UTC) by AudioMoth 247AA5015BA446DA at gain setting 2 while battery state was 4.2V.,AudioMoth 247AA5015BA446DA,2019:12:10 20:53:49-08:00,WAV,WAV,audio/x-wav,0.8398311138
39952,AM-25,24E144035BA455E9,GRABADOR-SDZG-AM-25/20190624_211000.WAV,GRABADOR-SDZG-AM-25,20190624_211000.WAV,46080360,1.0,1.0,384000.0,768000.0,16.0,21,60.00046875,,Recorded at 21:10:00 24/06/2019 (UTC) by AudioMoth 24E144035BA455E9 at gain setting 2 while battery state was 4.1V.,AudioMoth 24E144035BA455E9,2019:12:08 17:40:48-08:00,WAV,WAV,audio/x-wav,0.9908665419
27535,AM-22,247AA5015BA446DA,GRABADOR-SDZG-AM-22/20190622_214000.WAV,GRABADOR-SDZG-AM-22,20190622_214000.WAV,46080360,1.0,1.0,384000.0,768000.0,16.0,21,60.00046875,,Recorded at 21:40:00 22/06/2019 (UTC) by AudioMoth 247AA5015BA446DA at gain setting 2 while battery state was 4.5V.,AudioMoth 247AA5015BA446DA,2019:12:10 19:14:34-08:00,WAV,WAV,audio/x-wav,0.6593360305
1193,AM-1,243B1F055B2BEAB8,GRABADOR-SDZG-AM-1/20190624_214000.WAV,GRABADOR-SDZG-AM-1,20190624_214000.WAV,46080360,1.0,1.0,384000.0,768000.0,16.0,21,60.00046875,,Recorded at 21:40:00 24/06/2019 (UTC) by AudioMoth 243B1F055B2BEAB8 at gain setting 2 while battery state was 4.2V.,AudioMoth 243B1F055B2BEAB8,2019:12:20 03:50:32-08:00,WAV,WAV,audio/x-wav,0.9925835133
56996,AM-30,248C7D075B2BF656,GRABADOR-SDZG-AM-30/20190624_210000.WAV,GRABADOR-SDZG-AM-30,20190624_210000.WAV,46080360,1.0,1.0,384000.0,768000.0,16.0,21,60.00046875,,Recorded at 21:00:00 24/06/2019 (UTC) by AudioMoth 248C7D075B2BF656 at gain setting 2 while battery state was 4.3V.,AudioMoth 248C7D075B2BF656,2019:12:18 14:59:51-08:00,WAV,WAV,audio/x-wav,0.9876606464
50469,AM-29,247AA5015BA446E5,GRABADOR-SDZG-AM-29/20190626_214000.WAV,GRABADOR-SDZG-AM-29,20190626_214000.WAV,46080360,1.0,1.0,384000.0,768000.0,16.0,21,60.00046875,,Recorded at 21:40:00 26/06/2019 (UTC) by AudioMoth 247AA5015BA446E5 at gain setting 2 while battery state was 4.2V.,AudioMoth 247AA5015BA446E5,2019:12:08 12:34:42-08:00,WAV,WAV,audio/x-wav,0.7987861633
56857,AM-30,248C7D075B2BF656,GRABADOR-SDZG-AM-30/20190623_215000.WAV,GRABADOR-SDZG-AM-30,20190623_215000.WAV,46080360,1.0,1.0,384000.0,768000.0,16.0,21,60.00046875,,Recorded at 21:50:00 23/06/2019 (UTC) by AudioMoth 248C7D075B2BF656 at gain setting 2 while battery state was 4.3V.,AudioMoth 248C7D075B2BF656,2019:12:18 14:55:31-08:00,WAV,WAV,audio/x-wav,0.9838449359
57580,AM-30,248C7D075B2BF656,GRABADOR-SDZG-AM-30/20190628_222000.WAV,GRABADOR-SDZG-AM-30,20190628_222000.WAV,46080360,1.0,1.0,384000.0,768000.0,16.0,22,60.00046875,,Recorded at 22:20:00 28/06/2019 (UTC) by AudioMoth 248C7D075B2BF656 at gain setting 2 while battery state was 4.1V.,AudioMoth 248C7D075B2BF656,2019:12:18 15:18:06-08:00,WAV,WAV,audio/x-wav,0.9221047759
35483,AM-24,243B1F075C79FAFC,GRABADOR-SDZG-AM-24/20190619_200000.WAV,GRABADOR-SDZG-AM-24,20190619_200000.WAV,46080360,1.0,1.0,384000.0,768000.0,16.0,20,60.00046875,,Recorded at 20:00:00 19/06/2019 (UTC) by AudioMoth 243B1F075C79FAFC at gain setting 2 while battery state was 4.4V.,AudioMoth 243B1F075C79FAFC,2019:12:09 03:25:59-08:00,WAV,WAV,audio/x-wav,0.9939211607
29112,AM-22,247AA5015BA446DA,GRABADOR-SDZG-AM-22/20190703_203000.WAV,GRABADOR-SDZG-AM-22,20190703_203000.WAV,46080360,1.0,1.0,384000.0,768000.0,16.0,20,60.00046875,,Recorded at 20:30:00 03/07/2019 (UTC) by AudioMoth 247AA5015BA446DA at gain setting 2 while battery state was 4.1V.,AudioMoth 247AA5015BA446DA,2019:12:10 21:30:45-08:00,WAV,WAV,audio/x-wav,0.9938188195
1329,AM-1,243B1F055B2BEAB8,GRABADOR-SDZG-AM-1/20190625_202000.WAV,GRABADOR-SDZG-AM-1,20190625_202000.WAV,46080360,1.0,1.0,384000.0,768000.0,16.0,20,60.00046875,,Recorded at 20:20:00 25/06/2019 (UTC) by AudioMoth 243B1F055B2BEAB8 at gain setting 2 while battery state was 4.1V.,AudioMoth 243B1F055B2BEAB8,2019:12:20 03:54:50-08:00,WAV,WAV,audio/x-wav,0.9722115993
35349,AM-24,243B1F075C79FAFC,GRABADOR-SDZG-AM-24/20190618_214000.WAV,GRABADOR-SDZG-AM-24,20190618_214000.WAV,46080360,1.0,1.0,384000.0,768000.0,16.0,21,60.00046875,,Recorded at 21:40:00 18/06/2019 (UTC) by AudioMoth 243B1F075C79FAFC at gain setting 2 while battery state was 4.4V.,AudioMoth 243B1F075C79FAFC,2019:12:09 03:14:27-08:00,WAV,WAV,audio/x-wav,0.8068144321
39661,AM-25,24E144035BA455E9,GRABADOR-SDZG-AM-25/20190622_204000.WAV,GRABADOR-SDZG-AM-25,20190622_204000.WAV,46080360,1.0,1.0,384000.0,768000.0,16.0,20,60.00046875,,Recorded at 20:40:00 22/06/2019 (UTC) by AudioMoth 24E144035BA455E9 at gain setting 2 while battery state was 4.2V.,AudioMoth 24E144035BA455E9,2019:12:08 17:15:48-08:00,WAV,WAV,audio/x-wav,0.8816013336
69844,AM-6,2466C2065B2BF148,GRABADOR-SDZG-AM-6/20190705_220000.WAV,GRABADOR-SDZG-AM-6,20190705_220000.WAV,46080360,1.0,1.0,384000.0,768000.0,16.0,22,60.00046875,,Recorded at 22:00:00 05/07/2019 (UTC) by AudioMoth 2466C2065B2BF148 at gain setting 2 while battery state was 3.6V.,AudioMoth 2466C2065B2BF148,2019:12:10 13:53:36-08:00,WAV,WAV,audio/x-wav,0.7818958759
47393,AM-27,243B1F075C79F65E,GRABADOR-SDZG-AM-27/20190629_221000.WAV,GRABADOR-SDZG-AM-27,20190629_221000.WAV,46080360,1.0,1.0,384000.0,768000.0,16.0,22,60.00046875,,Recorded at 22:10:00 29/06/2019 (UTC) by AudioMoth 243B1F075C79F65E at gain setting 2 while battery state was 4.1V.,AudioMoth 243B1F075C79F65E,2019:12:18 13:14:13-08:00,WAV,WAV,audio/x-wav,0.9723461866
51484,AM-29,247AA5015BA446E5,GRABADOR-SDZG-AM-29/20190703_225000.WAV,GRABADOR-SDZG-AM-29,20190703_225000.WAV,46080360,1.0,1.0,384000.0,768000.0,16.0,22,60.00046875,,Recorded at 22:50:00 03/07/2019 (UTC) by AudioMoth 247AA5015BA446E5 at gain setting 2 while battery state was 4.0V.,AudioMoth 247AA5015BA446E5,2019:12:08 14:02:18-08:00,WAV,WAV,audio/x-wav,0.6282045841
1619,AM-1,243B1F055B2BEAB8,GRABADOR-SDZG-AM-1/20190627_204000.WAV,GRABADOR-SDZG-AM-1,20190627_204000.WAV,46080360,1.0,1.0,384000.0,768000.0,16.0,20,60.00046875,,Recorded at 20:40:00 27/06/2019 (UTC) by AudioMoth 243B1F055B2BEAB8 at gain setting 2 while battery state was 4.1V.,AudioMoth 243B1F055B2BEAB8,2019:12:20 04:03:56-08:00,WAV,WAV,audio/x-wav,0.9854799509
43114,AM-26,2466C2065BA446CE,GRABADOR-SDZG-AM-26/20190623_215000.WAV,GRABADOR-SDZG-AM-26,20190623_215000.WAV,46080360,1.0,1.0,384000.0,768000.0,16.0,21,60.00046875,,Recorded at 21:50:00 23/06/2019 (UTC) by AudioMoth 2466C2065BA446CE at gain setting 2 while battery state was 4.1V.,AudioMoth 2466C2065BA446CE,2019:12:19 17:09:51-08:00,WAV,WAV,audio/x-wav,0.9848610163
58874,AM-30,248C7D075B2BF656,GRABADOR-SDZG-AM-30/20190707_220000.WAV,GRABADOR-SDZG-AM-30,20190707_220000.WAV,46080360,1.0,1.0,384000.0,768000.0,16.0,22,60.00046875,,Recorded at 22:00:00 07/07/2019 (UTC) by AudioMoth 248C7D075B2BF656 at gain setting 2 while battery state was 3.6V.,AudioMoth 248C7D075B2BF656,2019:12:18 15:58:42-08:00,WAV,WAV,audio/x-wav,0.9917701483
48690,AM-27,243B1F075C79F65E,GRABADOR-SDZG-AM-27/20190708_222000.WAV,GRABADOR-SDZG-AM-27,20190708_222000.WAV,46080360,1.0,1.0,384000.0,768000.0,16.0,22,60.00046875,,Recorded at 22:20:00 08/07/2019 (UTC) by AudioMoth 243B1F075C79F65E at gain setting 2 while battery state was 3.7V.,AudioMoth 243B1F075C79F65E,2019:12:18 13:54:56-08:00,WAV,WAV,audio/x-wav,0.9741671681
39815,AM-25,24E144035BA455E9,GRABADOR-SDZG-AM-25/20190623_222000.WAV,GRABADOR-SDZG-AM-25,20190623_222000.WAV,46080360,1.0,1.0,384000.0,768000.0,16.0,22,60.00046875,,Recorded at 22:20:00 23/06/2019 (UTC) by AudioMoth 24E144035BA455E9 at gain setting 2 while battery state was 4.2V.,AudioMoth 24E144035BA455E9,2019:12:08 17:28:59-08:00,WAV,WAV,audio/x-wav,0.6729166508
50901,AM-29,247AA5015BA446E5,GRABADOR-SDZG-AM-29/20190629_214000.WAV,GRABADOR-SDZG-AM-29,20190629_214000.WAV,46080360,1.0,1.0,384000.0,768000.0,16.0,21,60.00046875,,Recorded at 21:40:00 29/06/2019 (UTC) by AudioMoth 247AA5015BA446E5 at gain setting 2 while battery state was 4.1V.,AudioMoth 247AA5015BA446E5,2019:12:08 13:12:00-08:00,WAV,WAV,audio/x-wav,0.8799622655
46378,AM-27,243B1F075C79F65E,GRABADOR-SDZG-AM-27/20190622_210000.WAV,GRABADOR-SDZG-AM-27,20190622_210000.WAV,46080360,1.0,1.0,384000.0,768000.0,16.0,21,60.00046875,,Recorded at 21:00:00 22/06/2019 (UTC) by AudioMoth 243B1F075C79F65E at gain setting 2 while battery state was 4.3V.,AudioMoth 243B1F075C79F65E,2019:12:18 12:42:29-08:00,WAV,WAV,audio/x-wav,0.7984621525
58873,AM-30,248C7D075B2BF656,GRABADOR-SDZG-AM-30/20190707_215000.WAV,GRABADOR-SDZG-AM-30,20190707_215000.WAV,46080360,1.0,1.0,384000.0,768000.0,16.0,21,60.00046875,,Recorded at 21:50:00 07/07/2019 (UTC) by AudioMoth 248C7D075B2BF656 at gain setting 2 while battery state was 3.6V.,AudioMoth 248C7D075B2BF656,2019:12:18 15:58:40-08:00,WAV,WAV,audio/x-wav,0.9730665088
39088,AM-25,24E144035BA455E9,GRABADOR-SDZG-AM-25/20190618_211000.WAV,GRABADOR-SDZG-AM-25,20190618_211000.WAV,46080360,1.0,1.0,384000.0,768000.0,16.0,21,60.00046875,,Recorded at 21:10:00 18/06/2019 (UTC) by AudioMoth 24E144035BA455E9 at gain setting 2 while battery state was 4.4V.,AudioMoth 24E144035BA455E9,2019:12:08 16:26:36-08:00,WAV,WAV,audio/x-wav,0.9752367735
42684,AM-26,2466C2065BA446CE,GRABADOR-SDZG-AM-26/20190620_221000.WAV,GRABADOR-SDZG-AM-26,20190620_221000.WAV,46080360,1.0,1.0,384000.0,768000.0,16.0,22,60.00046875,,Recorded at 22:10:00 20/06/2019 (UTC) by AudioMoth 2466C2065BA446CE at gain setting 2 while battery state was 4.2V.,AudioMoth 2466C2065BA446CE,2019:12:19 16:56:19-08:00,WAV,WAV,audio/x-wav,0.9724698067
28978,AM-22,247AA5015BA446DA,GRABADOR-SDZG-AM-22/20190702_221000.WAV,GRABADOR-SDZG-AM-22,20190702_221000.WAV,46080360,1.0,1.0,384000.0,768000.0,16.0,22,60.00046875,,Recorded at 22:10:00 02/07/2019 (UTC) by AudioMoth 247AA5015BA446DA at gain setting 2 while battery state was 4.1V.,AudioMoth 247AA5015BA446DA,2019:12:10 21:19:09-08:00,WAV,WAV,audio/x-wav,0.9746040106
58577,AM-30,248C7D075B2BF656,GRABADOR-SDZG-AM-30/20190705_203000.WAV,GRABADOR-SDZG-AM-30,20190705_203000.WAV,46080360,1.0,1.0,384000.0,768000.0,16.0,20,60.00046875,,Recorded at 20:30:00 05/07/2019 (UTC) by AudioMoth 248C7D075B2BF656 at gain setting 2 while battery state was 3.8V.,AudioMoth 248C7D075B2BF656,2019:12:18 15:49:22-08:00,WAV,WAV,audio/x-wav,0.9784370661
334,AM-1,243B1F055B2BEAB8,GRABADOR-SDZG-AM-1/20190618_223000.WAV,GRABADOR-SDZG-AM-1,20190618_223000.WAV,46080360,1.0,1.0,384000.0,768000.0,16.0,22,60.00046875,,Recorded at 22:30:00 18/06/2019 (UTC) by AudioMoth 243B1F055B2BEAB8 at gain setting 2 while battery state was 4.4V.,AudioMoth 243B1F055B2BEAB8,2019:12:20 03:23:33-08:00,WAV,WAV,audio/x-wav,0.9898777008
39949,AM-25,24E144035BA455E9,GRABADOR-SDZG-AM-25/20190624_204000.WAV,GRABADOR-SDZG-AM-25,20190624_204000.WAV,46080360,1.0,1.0,384000.0,768000.0,16.0,20,60.00046875,,Recorded at 20:40:00 24/06/2019 (UTC) by AudioMoth 24E144035BA455E9 at gain setting 2 while battery state was 4.2V.,AudioMoth 24E144035BA455E9,2019:12:08 17:40:33-08:00,WAV,WAV,audio/x-wav,0.9894520044
22409,AM-2,248C7D075B2BF148,GRABADOR-SDZG-AM-2/20190619_222000.WAV,GRABADOR-SDZG-AM-2,20190619_222000.WAV,46080360,1.0,1.0,384000.0,768000.0,16.0,22,60.00046875,,Recorded at 22:20:00 19/06/2019 (UTC) by AudioMoth 248C7D075B2BF148 at gain setting 2 while battery state was 4.4V.,AudioMoth 248C7D075B2BF148,2019:12:08 05:30:35-08:00,WAV,WAV,audio/x-wav,0.9820986986
69579,AM-6,2466C2065B2BF148,GRABADOR-SDZG-AM-6/20190703_224000.WAV,GRABADOR-SDZG-AM-6,20190703_224000.WAV,46080360,1.0,1.0,384000.0,768000.0,16.0,22,60.00046875,,Recorded at 22:40:00 03/07/2019 (UTC) by AudioMoth 2466C2065B2BF148 at gain setting 2 while battery state was 3.6V.,AudioMoth 2466C2065B2BF148,2019:12:10 13:34:40-08:00,WAV,WAV,audio/x-wav,0.6021963358
22545,AM-2,248C7D075B2BF148,GRABADOR-SDZG-AM-2/20190620_210000.WAV,GRABADOR-SDZG-AM-2,20190620_210000.WAV,46080360,1.0,1.0,384000.0,768000.0,16.0,21,60.00046875,,Recorded at 21:00:00 20/06/2019 (UTC) by AudioMoth 248C7D075B2BF148 at gain setting 2 while battery state was 4.3V.,AudioMoth 248C7D075B2BF148,2019:12:08 05:42:19-08:00,WAV,WAV,audio/x-wav,0.9895031452
51478,AM-29,247AA5015BA446E5,GRABADOR-SDZG-AM-29/20190703_215000.WAV,GRABADOR-SDZG-AM-29,20190703_215000.WAV,46080360,1.0,1.0,384000.0,768000.0,16.0,21,60.00046875,,Recorded at 21:50:00 03/07/2019 (UTC) by AudioMoth 247AA5015BA446E5 at gain setting 2 while battery state was 4.0V.,AudioMoth 247AA5015BA446E5,2019:12:08 14:01:47-08:00,WAV,WAV,audio/x-wav,0.980637908
38940,AM-25,24E144035BA455E9,GRABADOR-SDZG-AM-25/20190617_203000.WAV,GRABADOR-SDZG-AM-25,20190617_203000.WAV,46080360,1.0,1.0,384000.0,768000.0,16.0,20,60.00046875,,Recorded at 20:30:00 17/06/2019 (UTC) by AudioMoth 24E144035BA455E9 at gain setting 2 while battery state was 4.4V.,AudioMoth 24E144035BA455E9,2019:12:08 16:13:51-08:00,WAV,WAV,audio/x-wav,0.9801144004
69426,AM-6,2466C2065B2BF148,GRABADOR-SDZG-AM-6/20190702_211000.WAV,GRABADOR-SDZG-AM-6,20190702_211000.WAV,46080360,1.0,1.0,384000.0,768000.0,16.0,21,60.00046875,,Recorded at 21:10:00 02/07/2019 (UTC) by AudioMoth 2466C2065B2BF148 at gain setting 2 while battery state was 3.7V.,AudioMoth 2466C2065B2BF148,2019:12:10 13:21:25-08:00,WAV,WAV,audio/x-wav,0.8002308607
39082,AM-25,24E144035BA455E9,GRABADOR-SDZG-AM-25/20190618_201000.WAV,GRABADOR-SDZG-AM-25,20190618_201000.WAV,46080360,1.0,1.0,384000.0,768000.0,16.0,20,60.00046875,,Recorded at 20:10:00 18/06/2019 (UTC) by AudioMoth 24E144035BA455E9 at gain setting 2 while battery state was 4.4V.,AudioMoth 24E144035BA455E9,2019:12:08 16:26:05-08:00,WAV,WAV,audio/x-wav,0.6630198359
38378,AM-24,243B1F075C79FAFC,GRABADOR-SDZG-AM-24/20190709_223000.WAV,GRABADOR-SDZG-AM-24,20190709_223000.WAV,46080360,1.0,1.0,384000.0,768000.0,16.0,22,60.00046875,,Recorded at 22:30:00 09/07/2019 (UTC) by AudioMoth 243B1F075C79FAFC at gain setting 2 while battery state was 3.6V.,AudioMoth 243B1F075C79FAFC,2019:12:09 07:35:35-08:00,WAV,WAV,audio/x-wav,0.9877287149
29260,AM-22,247AA5015BA446DA,GRABADOR-SDZG-AM-22/20190704_211000.WAV,GRABADOR-SDZG-AM-22,20190704_211000.WAV,46080360,1.0,1.0,384000.0,768000.0,16.0,21,60.00046875,,Recorded at 21:10:00 04/07/2019 (UTC) by AudioMoth 247AA5015BA446DA at gain setting 2 while battery state was 4.1V.,AudioMoth 247AA5015BA446DA,2019:12:10 21:43:33-08:00,WAV,WAV,audio/x-wav,0.9766145945
67694,AM-6,2466C2065B2BF148,GRABADOR-SDZG-AM-6/20190620_203000.WAV,GRABADOR-SDZG-AM-6,20190620_203000.WAV,46080360,1.0,1.0,384000.0,768000.0,16.0,20,60.00046875,,Recorded at 20:30:00 20/06/2019 (UTC) by AudioMoth 2466C2065B2BF148 at gain setting 2 while battery state was 4.2V.,AudioMoth 2466C2065B2BF148,2019:12:10 10:51:40-08:00,WAV,WAV,audio/x-wav,0.5500303507
46098,AM-27,243B1F075C79F65E,GRABADOR-SDZG-AM-27/20190620_222000.WAV,GRABADOR-SDZG-AM-27,20190620_222000.WAV,46080360,1.0,1.0,384000.0,768000.0,16.0,22,60.00046875,,Recorded at 22:20:00 20/06/2019 (UTC) by AudioMoth 243B1F075C79F65E at gain setting 2 while battery state was 4.4V.,AudioMoth 243B1F075C79F65E,2019:12:18 12:33:45-08:00,WAV,WAV,audio/x-wav,0.9682285786
37076,AM-24,243B1F075C79FAFC,GRABADOR-SDZG-AM-24/20190630_213000.WAV,GRABADOR-SDZG-AM-24,20190630_213000.WAV,46080360,1.0,1.0,384000.0,768000.0,16.0,21,60.00046875,,Recorded at 21:30:00 30/06/2019 (UTC) by AudioMoth 243B1F075C79FAFC at gain setting 2 while battery state was 4.1V.,AudioMoth 243B1F075C79FAFC,2019:12:09 05:43:15-08:00,WAV,WAV,audio/x-wav,0.9604021907
68562,AM-6,2466C2065B2BF148,GRABADOR-SDZG-AM-6/20190626_211000.WAV,GRABADOR-SDZG-AM-6,20190626_211000.WAV,46080360,1.0,1.0,384000.0,768000.0,16.0,21,60.00046875,,Recorded at 21:10:00 26/06/2019 (UTC) by AudioMoth 2466C2065B2BF148 at gain setting 2 while battery state was 4.0V.,AudioMoth 2466C2065B2BF148,2019:12:10 12:06:40-08:00,WAV,WAV,audio/x-wav,0.9844878316
2764,AM-1,243B1F055B2BEAB8,GRABADOR-SDZG-AM-1/20190705_200000.WAV,GRABADOR-SDZG-AM-1,20190705_200000.WAV,46080360,1.0,1.0,384000.0,768000.0,16.0,20,60.00046875,,Recorded at 20:00:00 05/07/2019 (UTC) by AudioMoth 243B1F055B2BEAB8 at gain setting 2 while battery state was 3.6V.,AudioMoth 243B1F055B2BEAB8,2019:12:20 04:38:30-08:00,WAV,WAV,audio/x-wav,0.9940389395
38658,AM-25,24E144035BA455E9,GRABADOR-SDZG-AM-25/20190615_213000.WAV,GRABADOR-SDZG-AM-25,20190615_213000.WAV,46080360,1.0,1.0,384000.0,768000.0,16.0,21,60.00046875,,Recorded at 21:30:00 15/06/2019 (UTC) by AudioMoth 24E144035BA455E9 at gain setting 2 while battery state was 4.7V.,AudioMoth 24E144035BA455E9,2019:12:08 15:49:34-08:00,WAV,WAV,audio/x-wav,0.9927403927
1055,AM-1,243B1F055B2BEAB8,GRABADOR-SDZG-AM-1/20190623_224000.WAV,GRABADOR-SDZG-AM-1,20190623_224000.WAV,46080360,1.0,1.0,384000.0,768000.0,16.0,22,60.00046875,,Recorded at 22:40:00 23/06/2019 (UTC) by AudioMoth 243B1F055B2BEAB8 at gain setting 2 while battery state was 4.2V.,AudioMoth 243B1F055B2BEAB8,2019:12:20 03:46:11-08:00,WAV,WAV,audio/x-wav,0.871896565
48964,AM-27,243B1F075C79F65E,GRABADOR-SDZG-AM-27/20190710_200000.WAV,GRABADOR-SDZG-AM-27,20190710_200000.WAV,46080360,1.0,1.0,384000.0,768000.0,16.0,20,60.00046875,,Recorded at 20:00:00 10/07/2019 (UTC) by AudioMoth 243B1F075C79F65E at gain setting 2 while battery state was 3.6V.,AudioMoth 243B1F075C79F65E,2019:12:18 14:03:32-08:00,WAV,WAV,audio/x-wav,0.599224627
50039,AM-29,247AA5015BA446E5,GRABADOR-SDZG-AM-29/20190623_220000.WAV,GRABADOR-SDZG-AM-29,20190623_220000.WAV,46080360,1.0,1.0,384000.0,768000.0,16.0,22,60.00046875,,Recorded at 22:00:00 23/06/2019 (UTC) by AudioMoth 247AA5015BA446E5 at gain setting 2 while battery state was 4.3V.,AudioMoth 247AA5015BA446E5,2019:12:08 11:57:36-08:00,WAV,WAV,audio/x-wav,0.7709392309
35057,AM-24,243B1F075C79FAFC,GRABADOR-SDZG-AM-24/20190616_210000.WAV,GRABADOR-SDZG-AM-24,20190616_210000.WAV,46080360,1.0,1.0,384000.0,768000.0,16.0,21,60.00046875,,Recorded at 21:00:00 16/06/2019 (UTC) by AudioMoth 243B1F075C79FAFC at gain setting 2 while battery state was 4.5V.,AudioMoth 243B1F075C79FAFC,2019:12:09 02:49:21-08:00,WAV,WAV,audio/x-wav,0.9909639359
27677,AM-22,247AA5015BA446DA,GRABADOR-SDZG-AM-22/20190623_212000.WAV,GRABADOR-SDZG-AM-22,20190623_212000.WAV,46080360,1.0,1.0,384000.0,768000.0,16.0,21,60.00046875,,Recorded at 21:20:00 23/06/2019 (UTC) by AudioMoth 247AA5015BA446DA at gain setting 2 while battery state was 4.4V.,AudioMoth 247AA5015BA446DA,2019:12:10 19:26:47-08:00,WAV,WAV,audio/x-wav,0.6142798662
28543,AM-22,247AA5015BA446DA,GRABADOR-SDZG-AM-22/20190629_214000.WAV,GRABADOR-SDZG-AM-22,20190629_214000.WAV,46080360,1.0,1.0,384000.0,768000.0,16.0,21,60.00046875,,Recorded at 21:40:00 29/06/2019 (UTC) by AudioMoth 247AA5015BA446DA at gain setting 2 while battery state was 4.2V.,AudioMoth 247AA5015BA446DA,2019:12:10 20:41:33-08:00,WAV,WAV,audio/x-wav,0.9762075543
51615,AM-29,247AA5015BA446E5,GRABADOR-SDZG-AM-29/20190704_204000.WAV,GRABADOR-SDZG-AM-29,20190704_204000.WAV,46080360,1.0,1.0,384000.0,768000.0,16.0,20,60.00046875,,Recorded at 20:40:00 04/07/2019 (UTC) by AudioMoth 247AA5015BA446E5 at gain setting 2 while battery state was 4.0V.,AudioMoth 247AA5015BA446E5,2019:12:08 14:13:37-08:00,WAV,WAV,audio/x-wav,0.7226175666
41108,AM-25,24E144035BA455E9,GRABADOR-SDZG-AM-25/20190702_215000.WAV,GRABADOR-SDZG-AM-25,20190702_215000.WAV,46080360,1.0,1.0,384000.0,768000.0,16.0,21,60.00046875,,Recorded at 21:50:00 02/07/2019 (UTC) by AudioMoth 24E144035BA455E9 at gain setting 2 while battery state was 3.8V.,AudioMoth 24E144035BA455E9,2019:12:08 19:20:25-08:00,WAV,WAV,audio/x-wav,0.5890080333
1918,AM-1,243B1F055B2BEAB8,GRABADOR-SDZG-AM-1/20190629_223000.WAV,GRABADOR-SDZG-AM-1,20190629_223000.WAV,46080360,1.0,1.0,384000.0,768000.0,16.0,22,60.00046875,,Recorded at 22:30:00 29/06/2019 (UTC) by AudioMoth 243B1F055B2BEAB8 at gain setting 2 while battery state was 4.0V.,AudioMoth 243B1F055B2BEAB8,2019:12:20 04:13:20-08:00,WAV,WAV,audio/x-wav,0.9836100936
21829,AM-2,248C7D075B2BF148,GRABADOR-SDZG-AM-2/20190615_214000.WAV,GRABADOR-SDZG-AM-2,20190615_214000.WAV,46080360,1.0,1.0,384000.0,768000.0,16.0,21,60.00046875,,Recorded at 21:40:00 15/06/2019 (UTC) by AudioMoth 248C7D075B2BF148 at gain setting 2 while battery state was 4.7V.,AudioMoth 248C7D075B2BF148,2019:12:08 04:40:39-08:00,WAV,WAV,audio/x-wav,0.9918702841
66556,AM-6,2466C2065B2BF148,GRABADOR-SDZG-AM-6/20190612_225000.WAV,GRABADOR-SDZG-AM-6,20190612_225000.WAV,46080360,1.0,1.0,384000.0,768000.0,16.0,22,60.00046875,,Recorded at 22:50:00 12/06/2019 (UTC) by AudioMoth 2466C2065B2BF148 at gain setting 2 while battery state was 4.4V.,AudioMoth 2466C2065B2BF148,2019:12:10 09:13:29-08:00,WAV,WAV,audio/x-wav,0.9068327546
28826,AM-22,247AA5015BA446DA,GRABADOR-SDZG-AM-22/20190701_205000.WAV,GRABADOR-SDZG-AM-22,20190701_205000.WAV,46080360,1.0,1.0,384000.0,768000.0,16.0,20,60.00046875,,Recorded at 20:50:00 01/07/2019 (UTC) by AudioMoth 247AA5015BA446DA at gain setting 2 while battery state was 4.2V.,AudioMoth 247AA5015BA446DA,2019:12:10 21:06:01-08:00,WAV,WAV,audio/x-wav,0.983795166
51192,AM-29,247AA5015BA446E5,GRABADOR-SDZG-AM-29/20190701_221000.WAV,GRABADOR-SDZG-AM-29,20190701_221000.WAV,46080360,1.0,1.0,384000.0,768000.0,16.0,22,60.00046875,,Recorded at 22:10:00 01/07/2019 (UTC) by AudioMoth 247AA5015BA446E5 at gain setting 2 while battery state was 4.1V.,AudioMoth 247AA5015BA446E5,2019:12:08 13:37:06-08:00,WAV,WAV,audio/x-wav,0.7592066526
